



insert into Users values("JATRST443", "James", "Tremblay", "JamesTremblay@gmail.com", "1866 Second Drive", "Baltimore", "MD", "USA");
insert into Users values("CHROST904", "Christopher", "Roy", "ChristopherRoy@gmail.com", "1131 Third Drive", "Baltimore", "MD", "USA");
insert into Users values("ROGAST236", "Ronald", "Gagnon", "RonaldGagnon@gmail.com", "9898 First Drive", "Baltimore", "MD", "USA");
insert into Users values("MACÔST541", "Mary", "Côté", "MaryCôté@gmail.com", "9190 Fourth Drive", "Baltimore", "MD", "USA");
insert into Users values("LIBOST435", "Lisa", "Bouchard", "LisaBouchard@gmail.com", "8926 Park Drive", "Baltimore", "MD", "USA");
insert into Users values("MIGAST271", "Michelle", "Gauthier", "MichelleGauthier@gmail.com", "8186 Fifth Drive", "Baltimore", "MD", "USA");
insert into Users values("JOMOST869", "John", "Morin", "JohnMorin@gmail.com", "7644 Main Drive", "Baltimore", "MD", "USA");
insert into Users values("DALAST195", "Daniel", "Lavoie", "DanielLavoie@gmail.com", "7283 Sixth Drive", "Baltimore", "MD", "USA");
insert into Users values("ANFOST537", "Anthony", "Fortin", "AnthonyFortin@gmail.com", "6946 Oak Drive", "Baltimore", "MD", "USA");
insert into Users values("PAGAST249", "Patricia", "Gagné", "PatriciaGagné@gmail.com", "6377 Seventh Drive", "Baltimore", "MD", "USA");
insert into Users values("NAMAST135", "Nancy", "Martínez", "NancyMartínez@gmail.com", "6170 Pine Drive", "Baltimore", "MD", "USA");
insert into Users values("LAGAST566", "Laura", "García", "LauraGarcía@gmail.com", "6103 Maple Drive", "Baltimore", "MD", "USA");
insert into Users values("ROHEST158", "Robert", "Hernandez", "RobertHernandez@gmail.com", "5644 Cedar Drive", "Baltimore", "MD", "USA");
insert into Users values("PAGOST245", "Paul", "González", "PaulGonzález@gmail.com", "5524 Eighth Drive", "Baltimore", "MD", "USA");
insert into Users values("KELÓST513", "Kevin", "López", "KevinLópez@gmail.com", "5233 Elm Drive", "Baltimore", "MD", "USA");
insert into Users values("LIROST952", "Linda", "Rodríguez", "LindaRodríguez@gmail.com", "5202 View Drive", "Baltimore", "MD", "USA");
insert into Users values("KAPÉST691", "Karen", "Pérez", "KarenPérez@gmail.com", "4974 Washington Drive", "Baltimore", "MD", "USA");
insert into Users values("SASÁST510", "Sarah", "Sánchez", "SarahSánchez@gmail.com", "4908 Ninth Drive", "Baltimore", "MD", "USA");
insert into Users values("MIRAST421", "Michael", "Ramírez", "MichaelRamírez@gmail.com", "4901 Lake Drive", "Baltimore", "MD", "USA");
insert into Users values("MAFLST347", "Mark", "Flores", "MarkFlores@gmail.com", "4877 Hill Drive", "Baltimore", "MD", "USA");
insert into Users values("LEGAST134", "Leslie", "García", "LeslieGarcía@gmail.com", "6103 Dancer Drive", "Baltimore", "MD", "USA");
insert into Users values("LEROST151", "Lewis", "Rodríguez", "LewisRodríguez@gmail.com", "5202 View Drive", "Baltimore", "MD", "USA");

insert into PhoneNumbers values((select ID from Users where FirstName = "James" and LastName = "Tremblay"), 4155992671);
insert into PhoneNumbers values((select ID from Users where FirstName = "Christopher" and LastName = "Roy"), 4155992672);
insert into PhoneNumbers values((select ID from Users where FirstName = "Ronald" and LastName = "Gagnon"), 4155992673);
insert into PhoneNumbers values((select ID from Users where FirstName = "Mary" and LastName = "Côté"), 4155992674);
insert into PhoneNumbers values((select ID from Users where FirstName = "Lisa" and LastName = "Bouchard"), 4155992675);
insert into PhoneNumbers values((select ID from Users where FirstName = "Michelle" and LastName = "Gauthier"), 4155992676);
insert into PhoneNumbers values((select ID from Users where FirstName = "John" and LastName = "Morin"), 4155992677);
insert into PhoneNumbers values((select ID from Users where FirstName = "Daniel" and LastName = "Lavoie"), 4155992678);
insert into PhoneNumbers values((select ID from Users where FirstName = "Anthony" and LastName = "Fortin"), 4155992679);
insert into PhoneNumbers values((select ID from Users where FirstName = "Patricia" and LastName = "Gagné"), 4155992680);
insert into PhoneNumbers values((select ID from Users where FirstName = "Nancy" and LastName = "Martínez"), 4155992681);
insert into PhoneNumbers values((select ID from Users where FirstName = "Laura" and LastName = "García"), 4155992682);
insert into PhoneNumbers values((select ID from Users where FirstName = "Robert" and LastName = "Hernandez"), 4155992683);
insert into PhoneNumbers values((select ID from Users where FirstName = "Paul" and LastName = "González"), 4155992684);
insert into PhoneNumbers values((select ID from Users where FirstName = "Kevin" and LastName = "López"), 4155992685);
insert into PhoneNumbers values((select ID from Users where FirstName = "Linda" and LastName = "Rodríguez"), 4155992686);
insert into PhoneNumbers values((select ID from Users where FirstName = "Karen" and LastName = "Pérez"), 4155992687);
insert into PhoneNumbers values((select ID from Users where FirstName = "Sarah" and LastName = "Sánchez"), 4155992688);
insert into PhoneNumbers values((select ID from Users where FirstName = "Michael" and LastName = "Ramírez"), 4155992689);
insert into PhoneNumbers values((select ID from Users where FirstName = "Mark" and LastName = "Flores"), 4155992690);
insert into PhoneNumbers values((select ID from Users where FirstName = "Mark" and LastName = "Flores"), 4155992691);
insert into PhoneNumbers values((select ID from Users where FirstName = "Mark" and LastName = "Flores"), 4155992692);
insert into PhoneNumbers values((select ID from Users where FirstName = "Michael" and LastName = "Ramírez"), 4155992693);
insert into PhoneNumbers values((select ID from Users where FirstName = "Michael" and LastName = "Ramírez"), 4155992694);
insert into PhoneNumbers values((select ID from Users where FirstName = "Michael" and LastName = "Ramírez"), 4155992695);
insert into PhoneNumbers values((select ID from Users where FirstName = "Paul" and LastName = "González"), 4155992696);
insert into PhoneNumbers values((select ID from Users where FirstName = "Paul" and LastName = "González"), 4155992697);
insert into PhoneNumbers values((select ID from Users where FirstName = "Paul" and LastName = "González"), 4155992698);
insert into PhoneNumbers values((select ID from Users where FirstName = "Paul" and LastName = "González"), 4155992699);
insert into PhoneNumbers values((select ID from Users where FirstName = "Nancy" and LastName = "Martínez"), 4155992779);
insert into PhoneNumbers values((select ID from Users where FirstName = "Nancy" and LastName = "Martínez"), 4155992780);
insert into PhoneNumbers values((select ID from Users where FirstName = "Kevin" and LastName = "López"), 4155992703);
insert into PhoneNumbers values((select ID from Users where FirstName = "Leslie" and LastName = "García"), 4155992705);
insert into PhoneNumbers values((select ID from Users where FirstName = "Patricia" and LastName = "Gagné"), 4155992773);
insert into PhoneNumbers values((select ID from Users where FirstName = "Karen" and LastName = "Pérez"), 4155992774);
insert into PhoneNumbers values((select ID from Users where FirstName = "Lewis" and LastName = "Rodríguez"), 4155992775);
insert into PhoneNumbers values((select ID from Users where FirstName = "Robert" and LastName = "Hernandez"), 4155992776);
insert into PhoneNumbers values((select ID from Users where FirstName = "Robert" and LastName = "Hernandez"), 4155992777);
insert into PhoneNumbers values((select ID from Users where FirstName = "Robert" and LastName = "Hernandez"), 4155992778);
insert into PhoneNumbers values((select ID from Users where FirstName = "Robert" and LastName = "Hernandez"), 4155992780);
insert into PhoneNumbers values((select ID from Users where FirstName = "Nancy" and LastName = "Martínez"), 4155992702);

insert into Universities(Name) values ("UMBC");
insert into Universities(Name) values ("Towson");
insert into Universities(Name) values ("UMCP");

insert into Students values((select ID from Users where FirstName = "James" and LastName = "Tremblay"), "English", 1, "Towson", "1/4/1992", "UnderGrad");
insert into Students values((select ID from Users where FirstName = "Christopher" and LastName = "Roy"), "English", 3, "Towson", "4/24/1992", "UnderGrad");
insert into Students values((select ID from Users where FirstName = "Ronald" and LastName = "Gagnon"), "English", 2, "Towson", "6/30/1991", "UnderGrad");
insert into Students values((select ID from Users where FirstName = "Mary" and LastName = "Côté"), "English", 3, "Towson", "9/4/1990", "UnderGrad");
insert into Students values((select ID from Users where FirstName = "Lisa" and LastName = "Bouchard"), "English", 4, "Towson", "11/9/1989", "UnderGrad");
insert into Students values((select ID from Users where FirstName = "Michelle" and LastName = "Gauthier"), "English", 2, "Towson", "1/14/1989", "UnderGrad");
insert into Students values((select ID from Users where FirstName = "John" and LastName = "Morin"), "English", 1, "Towson", "3/21/1988", "UnderGrad");
insert into Students values((select ID from Users where FirstName = "Daniel" and LastName = "Lavoie"), "English", 4, "UMBC", "5/27/1987", "UnderGrad");
insert into Students values((select ID from Users where FirstName = "Anthony" and LastName = "Fortin"), "Computer Science", 2, "UMBC", "8/1/1986", "UnderGrad");
insert into Students values((select ID from Users where FirstName = "Patricia" and LastName = "Gagné"), "Computer Science", 3, "UMBC", "10/6/1985", "Grad");
insert into Students values((select ID from Users where FirstName = "Nancy" and LastName = "Martínez"), "History", 4, "UMBC", "12/11/1984", "Grad");
insert into Students values((select ID from Users where FirstName = "Laura" and LastName = "García"), "History", 2, "UMBC", "2/16/1984", "Grad");
insert into Students values((select ID from Users where FirstName = "Robert" and LastName = "Hernandez"), "History", 3, "UMBC", "4/23/1983", "Grad");
insert into Students values((select ID from Users where FirstName = "Paul" and LastName = "González"), "History", 1, "UMBC", "6/28/1982", "Grad");
insert into Students values((select ID from Users where FirstName = "Kevin" and LastName = "López"), "Sociology", 2, "UMBC", "9/2/1981", "Grad");
insert into Students values((select ID from Users where FirstName = "Linda" and LastName = "Rodríguez"), "Sociology", 3, "UMBC", "11/7/1980", "Grad");
insert into Students values((select ID from Users where FirstName = "Karen" and LastName = "Pérez"), "Sociology", 5, "UMCP", "1/13/1980", "Grad");
insert into Students values((select ID from Users where FirstName = "Sarah" and LastName = "Sánchez"), "Sociology", 2, "UMCP", "3/20/1979", "Grad");
insert into Students values((select ID from Users where FirstName = "Michael" and LastName = "Ramírez"), "Sociology", 4, "UMCP", "5/25/1978", "Grad");
insert into Students values((select ID from Users where FirstName = "Mark" and LastName = "Flores"), "History", 2, "UMCP", "7/30/1977", "Grad");
insert into Students values((select ID from Users where FirstName = "Leslie" and LastName = "García"), "History", 2, "UMBC", "2/16/1984", "Grad");
insert into Students values((select ID from Users where FirstName = "Lewis" and LastName = "Rodríguez"), "Sociology", 3, "UMBC", "11/7/1980", "Grad");

insert into Users values ("ANBOEP295", "Andrew", "Bower", "andrew.bower@bookfetchinc.com", "2312 M street, NW Suite 503", "Baltimore", "MD", "USA");
insert into Users values ("ANSTEP226", "Anne", "Stewart", "anne.stewart@bookfetchinc.com", "201 Hospital Drive", "Baltimore", "MD", "USA");
insert into Users values ("ANGREP946", "Anthony", "Grant", "anthony.grant@bookfetchinc.com", "2315 M street, NW Suite 503", "Baltimore", "MD", "USA");
insert into Users values ("AUMOEP932", "Austin", "Morgan", "austin.morgan@bookfetchinc.com", "2223 Canterbury Drive", "Baltimore", "MD", "USA");
insert into Users values ("BEVAEP596", "Benjamin", "Vaughan", "benjamin.vaughan@bookfetchinc.com", "2550 Livingston Road", "Baltimore", "MD", "USA");
insert into Users values ("BEDYEP598", "Benjamin", "Dyer", "benjamin.dyer@bookfetchinc.com", "308 Langdon Street", "Baltimore", "MD", "USA");
insert into Users values ("BOMCEP302", "Boris", "McGrath", "boris.mcgrath@bookfetchinc.com", "2 West Lakeshore Drive", "Baltimore", "MD", "USA");
insert into Users values ("CAROEP838", "Caroline", "Roberts", "caroline.roberts@bookfetchinc.com", "1001 East 100 North", "Baltimore", "MD", "USA");
insert into Users values ("COBLEP891", "Connor", "Black", "connor.black@bookfetchinc.com", "305 Langdon Street", "Baltimore", "MD", "USA");
insert into Users values ("DAMAEP268", "Dan", "Martin", "dan.martin@bookfetchinc.com", "1 West Lakeshore Drive", "Baltimore", "MD", "USA");
insert into Users values ("DOSCEP921", "Donna", "Scott", "donna.scott@bookfetchinc.com", "102 South 1st Street", "Baltimore", "MD", "USA");
insert into Users values ("HEPOEP306", "Heather", "Powell", "heather.powell@bookfetchinc.com", "2311 M street, NW Suite 503", "Baltimore", "MD", "USA");
insert into Users values ("JACHEP756", "Jack", "Chapman", "jack.chapman@bookfetchinc.com", "104 South 1st Street", "Baltimore", "MD", "USA");
insert into Users values ("JAALEP166", "Jack", "Allan", "jack.allan@bookfetchinc.com", "2221 Canterbury Drive", "Baltimore", "MD", "USA");
insert into Users values ("JAWHEP129", "James", "White", "james.white@bookfetchinc.com", "103 South 1st Street", "Baltimore", "MD", "USA");
insert into Users values ("JABEEP747", "James", "Bell", "james.bell@bookfetchinc.com", "105 South 1st Street", "Baltimore", "MD", "USA");
insert into Users values ("JOLAEP726", "Joan", "Lawrence", "joan.lawrence@bookfetchinc.com", "2222 Canterbury Drive", "Baltimore", "MD", "USA");
insert into Users values ("JOVAEP494", "Joshua", "Vaughan", "joshua.vaughan@bookfetchinc.com", "2 West Lakeshore Drive", "Baltimore", "MD", "USA");
insert into Users values ("JOLEEP707", "Joshua", "Lee", "joshua.lee@bookfetchinc.com", "3 West Lakeshore Drive", "Baltimore", "MD", "USA");
insert into Users values ("JUREEP630", "Julian", "Rees", "julian.rees@bookfetchinc.com", "600 Caisson Hill Road", "Baltimore", "MD", "USA");
insert into Users values ("KAPAEP482", "Karen", "Parsons", "karen.parsons@bookfetchinc.com", "2221 Canterbury Drive", "Baltimore", "MD", "USA");
insert into Users values ("KECAEP567", "Kevin", "Carr", "kevin.carr@bookfetchinc.com", "602 Caisson Hill Road", "Baltimore", "MD", "USA");
insert into Users values ("LAMAEP927", "Lauren", "Mathis", "lauren.mathis@bookfetchinc.com", "2220 Canterbury Drive", "Baltimore", "MD", "USA");
insert into Users values ("LATUEP575", "Lauren", "Tucker", "lauren.tucker@bookfetchinc.com", "3 West Lakeshore Drive", "Baltimore", "MD", "USA");
insert into Users values ("LIRAEP871", "Lily", "Randall", "lily.randall@bookfetchinc.com", "2549 Livingston Road", "Baltimore", "MD", "USA");
insert into Users values ("LURAEP290", "Lucas", "Rampling", "lucas.rampling@bookfetchinc.com", "2222 Canterbury Drive", "Baltimore", "MD", "USA");
insert into Users values ("NEHOEP117", "Neil", "Hodges", "neil.hodges@bookfetchinc.com", "2551 Livingston Road", "Baltimore", "MD", "USA");
insert into Users values ("NISIEP302", "Nicola", "Simpson", "nicola.simpson@bookfetchinc.com", "601 Caisson Hill Road", "Baltimore", "MD", "USA");
insert into Users values ("NIROEP696", "Nicola", "Roberts", "nicola.roberts@bookfetchinc.com", "2223 Canterbury Drive", "Baltimore", "MD", "USA");
insert into Users values ("PEFEEP297", "Penelope", "Ferguson", "penelope.ferguson@bookfetchinc.com", "101 South 1st Street", "Baltimore", "MD", "USA");
insert into Users values ("PEREEP313", "Peter", "Rees", "peter.rees@bookfetchinc.com", "2313 M street, NW Suite 503", "Baltimore", "MD", "USA");
insert into Users values ("PECLEP635", "Peter", "Clarkson", "peter.clarkson@bookfetchinc.com", "200 Hospital Drive", "Baltimore", "MD", "USA");
insert into Users values ("PHSKEP457", "Phil", "Skinner", "phil.skinner@bookfetchinc.com", "2552 Livingston Road", "Baltimore", "MD", "USA");
insert into Users values ("RABAEP282", "Rachel", "Ball", "rachel.ball@bookfetchinc.com", "306 Langdon Street", "Baltimore", "MD", "USA");
insert into Users values ("RYROEP478", "Ryan", "Robertson", "ryan.robertson@bookfetchinc.com", "1000 East 100 North", "Baltimore", "MD", "USA");
insert into Users values ("SEBEEP162", "Sean", "Berry", "sean.berry@bookfetchinc.com", "309 Langdon Street", "Baltimore", "MD", "USA");
insert into Users values ("STCLEP426", "Stephanie", "Clarkson", "stephanie.clarkson@bookfetchinc.com", "307 Langdon Street", "Baltimore", "MD", "USA");
insert into Users values ("TROGEP551", "Tracey", "Ogden", "tracey.ogden@bookfetchinc.com", "2314 M street, NW Suite 503", "Baltimore", "MD", "USA");
insert into Users values ("VIHIEP291", "Victor", "Hill", "victor.hill@bookfetchinc.com", "2548 Livingston Road", "Baltimore", "MD", "USA");
insert into Users values ("ZOSHEP248", "Zoe", "Sharp", "zoe.sharp@bookfetchinc.com", "2222 Canterbury Drive", "Baltimore", "MD", "USA");

insert into Employees values((select ID from Users where FirstName = "Andrew" and LastName = "Bower"), "Male", 50000, "394-70-2351");
insert into Employees values((select ID from Users where FirstName = "Anne" and LastName = "Stewart"), "Female", 20000, "520-70-7858");
insert into Employees values((select ID from Users where FirstName = "Anthony" and LastName = "Grant"), "Male", 50000, "394-70-2355");
insert into Employees values((select ID from Users where FirstName = "Austin" and LastName = "Morgan"), "Male", 20000, "530-70-2952");
insert into Employees values((select ID from Users where FirstName = "Benjamin" and LastName = "Vaughan"), "Male", 50000, "768-32-1434");
insert into Employees values((select ID from Users where FirstName = "Benjamin" and LastName = "Dyer"), "Male", 60000, "394-70-2354");
insert into Employees values((select ID from Users where FirstName = "Boris" and LastName = "McGrath"), "Male", 20000, "394-70-1951");
insert into Employees values((select ID from Users where FirstName = "Caroline" and LastName = "Roberts"), "Female", 20000, "520-70-7859");
insert into Employees values((select ID from Users where FirstName = "Connor" and LastName = "Black"), "Male", 50000, "394-70-2350");
insert into Employees values((select ID from Users where FirstName = "Dan" and LastName = "Martin"), "Male", 20000, "530-70-2948");
insert into Employees values((select ID from Users where FirstName = "Donna" and LastName = "Scott"), "Female", 50000, "768-32-1433");
insert into Employees values((select ID from Users where FirstName = "Heather" and LastName = "Powell"), "Female", 50000, "768-32-1432");
insert into Employees values((select ID from Users where FirstName = "Jack" and LastName = "Chapman"), "Male", 60000, "234-45-1936");
insert into Employees values((select ID from Users where FirstName = "Jack" and LastName = "Allan"), "Male", 20000, "520-70-7855");
insert into Employees values((select ID from Users where FirstName = "James" and LastName = "White"), "Male", 50000, "394-70-2352");
insert into Employees values((select ID from Users where FirstName = "James" and LastName = "Bell"), "Male", 60000, "768-32-1437");
insert into Employees values((select ID from Users where FirstName = "Joan" and LastName = "Lawrence"), "Male", 20000, "520-70-7856");
insert into Employees values((select ID from Users where FirstName = "Joshua" and LastName = "Vaughan"), "Male", 20000, "530-70-2949");
insert into Employees values((select ID from Users where FirstName = "Joshua" and LastName = "Lee"), "Male", 20000, "394-70-1952");
insert into Employees values((select ID from Users where FirstName = "Julian" and LastName = "Rees"), "Female", 20000, "394-70-1948");
insert into Employees values((select ID from Users where FirstName = "Karen" and LastName = "Parsons"), "Female", 20000, "530-70-2950");
insert into Employees values((select ID from Users where FirstName = "Kevin" and LastName = "Carr"), "Male", 40000, "530-70-2953");
insert into Employees values((select ID from Users where FirstName = "Lauren" and LastName = "Mathis"), "Female", 20000, "520-70-7854");
insert into Employees values((select ID from Users where FirstName = "Lauren" and LastName = "Tucker"), "Female", 40000, "520-70-7860");
insert into Employees values((select ID from Users where FirstName = "Lily" and LastName = "Randall"), "Female", 50000, "234-45-1933");
insert into Employees values((select ID from Users where FirstName = "Lucas" and LastName = "Rampling"), "Male", 20000, "530-70-2951");
insert into Employees values((select ID from Users where FirstName = "Neil" and LastName = "Hodges"), "Male", 60000, "394-70-2353");
insert into Employees values((select ID from Users where FirstName = "Nicola" and LastName = "Simpson"), "Female", 20000, "520-70-7857");
insert into Employees values((select ID from Users where FirstName = "Nicola" and LastName = "Roberts"), "Female", 40000, "394-70-1954");
insert into Employees values((select ID from Users where FirstName = "Penelope" and LastName = "Ferguson"), "Female", 50000, "234-45-1932");
insert into Employees values((select ID from Users where FirstName = "Peter" and LastName = "Rees"), "Male", 50000, "234-45-1935");
insert into Employees values((select ID from Users where FirstName = "Peter" and LastName = "Clarkson"), "Male", 20000, "394-70-1949");
insert into Employees values((select ID from Users where FirstName = "Phil" and LastName = "Skinner"), "Male", 60000, "234-45-1937");
insert into Employees values((select ID from Users where FirstName = "Rachel" and LastName = "Ball"), "Female", 50000, "234-45-1934");
insert into Employees values((select ID from Users where FirstName = "Ryan" and LastName = "Robertson"), "Male", 20000, "394-70-1950");
insert into Employees values((select ID from Users where FirstName = "Sean" and LastName = "Berry"), "Male", 50000, "234-45-1938");
insert into Employees values((select ID from Users where FirstName = "Stephanie" and LastName = "Clarkson"), "Female", 50000, "768-32-1435");
insert into Employees values((select ID from Users where FirstName = "Tracey" and LastName = "Ogden"), "Female", 60000, "768-32-1436");
insert into Employees values((select ID from Users where FirstName = "Victor" and LastName = "Hill"), "Male", 50000, "394-70-2349");
insert into Employees values((select ID from Users where FirstName = "Zoe" and LastName = "Sharp"), "Female", 40000, "394-70-1953");

insert into Users values ("RUNOCR100", "Ruth", "North", "ruth.north@towson.edu", "8000 York Rd", "Towson", "MD", "USA");
insert into Users values("DOLACR200", "Dominic", "Lambert", "dominic.lambert@umbc.edu", "1000 Hilltop Cir", "Baltimore", "MD", "USA");
insert into Users values ("VIMUCR300", "Victoria", "Murray", "victoria.murray@umcp.edu", "1 Street Rd", "College Park", "MD", "USA");


update Universities
set RFName = "Dominic", RLName = "Lambert", Street = "1000 Hilltop Cir", City = "Baltimore", State = "MD", Country = "USA"
where Name = "UMBC";

update Universities
set RFName = "Ruth", RLName = "North", Street = "8000 York Rd", City = "Towson", State = "MD", Country = "USA"
where Name = "Towson";


update Universities
set RFName = "Victoria", RLName = "Murray", Street = "1 Street Rd", City = "College Park", State = "MD", Country = "USA"
where Name = "UMCP";

insert into SuperAdmin values((select ID from Users where FirstName = "Benjamin" and LastName = "Vaughan"));
insert into Admin values((select ID from Users where FirstName = "Andrew" and LastName = "Bower"), "BEVAEP596");
insert into Admin values((select ID from Users where FirstName = "Anthony" and LastName = "Grant"), "BEVAEP596");
insert into Admin values((select ID from Users where FirstName = "Benjamin" and LastName = "Dyer"), "BEVAEP596");
insert into Admin values((select ID from Users where FirstName = "Connor" and LastName = "Black"), "BEVAEP596");
insert into Admin values((select ID from Users where FirstName = "Donna" and LastName = "Scott"), "BEVAEP596");
insert into Admin values((select ID from Users where FirstName = "Heather" and LastName = "Powell"), "BEVAEP596");
insert into Admin values((select ID from Users where FirstName = "Jack" and LastName = "Chapman"), "BEVAEP596");
insert into Admin values((select ID from Users where FirstName = "James" and LastName = "White"), "BEVAEP596");
insert into Admin values((select ID from Users where FirstName = "James" and LastName = "Bell"), "BEVAEP596");
insert into Admin values((select ID from Users where FirstName = "Lily" and LastName = "Randall"), "BEVAEP596");
insert into Admin values((select ID from Users where FirstName = "Neil" and LastName = "Hodges"), "BEVAEP596");
insert into Admin values((select ID from Users where FirstName = "Penelope" and LastName = "Ferguson"), "BEVAEP596");
insert into Admin values((select ID from Users where FirstName = "Peter" and LastName = "Rees"), "BEVAEP596");
insert into Admin values((select ID from Users where FirstName = "Phil" and LastName = "Skinner"), "BEVAEP596");
insert into Admin values((select ID from Users where FirstName = "Rachel" and LastName = "Ball"), "BEVAEP596");
insert into Admin values((select ID from Users where FirstName = "Sean" and LastName = "Berry"), "BEVAEP596");
insert into Admin values((select ID from Users where FirstName = "Stephanie" and LastName = "Clarkson"), "BEVAEP596");
insert into Admin values((select ID from Users where FirstName = "Tracey" and LastName = "Ogden"), "BEVAEP596");
insert into Admin values((select ID from Users where FirstName = "Victor" and LastName = "Hill"), "BEVAEP596");

insert into CustomerSupport values((select ID from Users where FirstName = "Anne" and LastName = "Stewart"), "BEVAEP596");
insert into CustomerSupport values((select ID from Users where FirstName = "Austin" and LastName = "Morgan"), "BEVAEP596");
insert into CustomerSupport values((select ID from Users where FirstName = "Boris" and LastName = "McGrath"), "BEVAEP596");
insert into CustomerSupport values((select ID from Users where FirstName = "Caroline" and LastName = "Roberts"), "BEVAEP596");
insert into CustomerSupport values((select ID from Users where FirstName = "Dan" and LastName = "Martin"), "BEVAEP596");
insert into CustomerSupport values((select ID from Users where FirstName = "Jack" and LastName = "Allan"), "BEVAEP596");
insert into CustomerSupport values((select ID from Users where FirstName = "Joan" and LastName = "Lawrence"), "BEVAEP596");
insert into CustomerSupport values((select ID from Users where FirstName = "Joshua" and LastName = "Vaughan"), "BEVAEP596");
insert into CustomerSupport values((select ID from Users where FirstName = "Joshua" and LastName = "Lee"), "BEVAEP596");
insert into CustomerSupport values((select ID from Users where FirstName = "Julian" and LastName = "Rees"), "BEVAEP596");
insert into CustomerSupport values((select ID from Users where FirstName = "Karen" and LastName = "Parsons"), "BEVAEP596");
insert into CustomerSupport values((select ID from Users where FirstName = "Kevin" and LastName = "Carr"), "BEVAEP596");
insert into CustomerSupport values((select ID from Users where FirstName = "Lauren" and LastName = "Mathis"), "BEVAEP596");
insert into CustomerSupport values((select ID from Users where FirstName = "Lauren" and LastName = "Tucker"), "BEVAEP596");
insert into CustomerSupport values((select ID from Users where FirstName = "Lucas" and LastName = "Rampling"), "BEVAEP596");
insert into CustomerSupport values((select ID from Users where FirstName = "Nicola" and LastName = "Simpson"), "BEVAEP596");
insert into CustomerSupport values((select ID from Users where FirstName = "Nicola" and LastName = "Roberts"), "BEVAEP596");
insert into CustomerSupport values((select ID from Users where FirstName = "Peter" and LastName = "Clarkson"), "BEVAEP596");
insert into CustomerSupport values((select ID from Users where FirstName = "Ryan" and LastName = "Robertson"), "BEVAEP596");
insert into CustomerSupport values((select ID from Users where FirstName = "Zoe" and LastName = "Sharp"), "BEVAEP596");

insert into Instructors values ("JULAIN454" , "Towson" , "Julia" , "Lambert" , "Visual Arts" , "julia.lambert@towson.edu");
insert into Instructors values ("JEGLIN319" , "UMCP" , "Jessica" , "Glover" , "Visual Arts" , "jessica.glover@umcp.edu");
insert into Instructors values ("COEDIN886" , "Towson" , "Connor" , "Edmunds" , "Mathematics and Statistics" , "connor.edmunds@towson.edu");
insert into Instructors values ("IAGIIN628" , "Towson" , "Ian" , "Gibson" , "Mechanical Engineering" , "ian.gibson@towson.edu");
insert into Instructors values ("ALCLIN993" , "UMBC" , "Alexander" , "Clarkson" , "English Language Institute" , "alexander.clarkson@umbc.edu");
insert into Instructors values ("FEBUIN977" , "Towson" , "Felicity" , "Buckland" , "Management of Aging Services" , "felicity.buckland@towson.edu");
insert into Instructors values ("LUPAIN723" , "Towson" , "Lucas" , "Payne" , "Philosophy" , "lucas.payne@towson.edu");
insert into Instructors values ("EMKEIN539" , "UMBC" , "Emma" , "Kelly" , "Emergency Health Services" , "emma.kelly@umbc.edu");
insert into Instructors values ("AMCAIN587" , "Towson" , "Amelia" , "Cameron" , "Media and Communication Studies" , "amelia.cameron@towson.edu");
insert into Instructors values ("ISANIN847" , "UMCP" , "Isaac" , "Anderson" , "Pre-Allied Health" , "isaac.anderson@umcp.edu");
insert into Instructors values ("UNOLIN989" , "Towson" , "Una" , "Oliver" , "Music" , "una.oliver@towson.edu");
insert into Instructors values ("LIBUIN632" , "Towson" , "Lily" , "Burgess" , "Modern Languages, Linguistics and Intercultural Communication" , "lily.burgess@towson.edu");
insert into Instructors values ("PIGRIN269" , "Towson" , "Piers" , "Gray" , "Judaic Studies" , "piers.gray@towson.edu");
insert into Instructors values ("HAMIIN431" , "UMBC" , "Harry" , "Mills" , "Computer Science and Electrical Engineering" , "harry.mills@umbc.edu");
insert into Instructors values ("FIHAIN614" , "UMBC" , "Fiona" , "Hamilton" , "English" , "fiona.hamilton@umbc.edu");
insert into Instructors values ("YVWIIN344" , "UMBC" , "Yvonne" , "Wilkins" , "Economics" , "yvonne.wilkins@umbc.edu");
insert into Instructors values ("PIPEIN591" , "UMCP" , "Piers" , "Peters" , "Social Work" , "piers.peters@umcp.edu");
insert into Instructors values ("HABOIN658" , "UMCP" , "Hannah" , "Bond" , "Pre-Law" , "hannah.bond@umcp.edu");
insert into Instructors values ("MAOGIN560" , "UMCP" , "Mary" , "Ogden" , "Theatre" , "mary.ogden@umcp.edu");
insert into Instructors values ("RICLIN316" , "UMCP" , "Richard" , "Clark" , "Sociology" , "richard.clark@umcp.edu");
insert into Instructors values ("CONOIN215" , "UMCP" , "Colin" , "Nolan" , "Psychology" , "colin.nolan@umcp.edu");
insert into Instructors values ("SELEIN156" , "UMBC" , "Sean" , "Lee" , "Dance" , "sean.lee@umbc.edu");
insert into Instructors values ("LEWIIN611" , "UMCP" , "Leonard" , "Wilkins" , "Pre-Medicine and Pre-Dentistry" , "leonard.wilkins@umcp.edu");
insert into Instructors values ("STMAIN558" , "UMBC" , "Stephen" , "Manning" , "Business Technology Administration" , "stephen.manning@umbc.edu");
insert into Instructors values ("JAJAIN180" , "UMBC" , "Jake" , "Jackson" , "Chemical, Biochemical & Environmental Engineering" , "jake.jackson@umbc.edu");
insert into Instructors values ("AMBLIN232" , "UMCP" , "Amanda" , "Blake" , "Religious Studies" , "amanda.blake@umcp.edu");
insert into Instructors values ("JUTUIN796" , "UMBC" , "Justin" , "Turner" , "Education" , "justin.turner@umbc.edu");
insert into Instructors values ("BRLAIN733" , "UMBC" , "Brian" , "Lambert" , "Chemistry and Biochemistry" , "brian.lambert@umbc.edu");


insert into Courses values ("Acrylic painting" , "Towson" , "Visual Arts");
insert into Courses values ("Acrylic painting" , "UMCP" , "Visual Arts");
insert into Courses values ("linear algebra" , "Towson" , "Mathematics and Statistics");
insert into Courses values ("Wing Design" , "Towson" , "Mechanical Engineering");
insert into Courses values ("English and International Students" , "UMBC" , "English Language Institute");
insert into Courses values ("Health and Age" , "Towson" , "Management of Aging Services");
insert into Courses values ("Ancient Greek Philosophy" , "Towson" , "Philosophy");
insert into Courses values ("Vaccination" , "UMBC" , "Emergency Health Services");
insert into Courses values ("Print Journalism " , "Towson" , "Media and Communication Studies");
insert into Courses values ("Introduction to Academic Reading" , "UMCP" , "Pre-Allied Health");
insert into Courses values ("Music in Medivial Times" , "Towson" , "Music");
insert into Courses values ("The Field of Intercultural Communication" , "Towson" , "Modern Languages, Linguistics and Intercultural Communication");
insert into Courses values ("Israel and the Ancient Near East" , "Towson" , "Judaic Studies");
insert into Courses values ("Operating System" , "UMBC" , "Computer Science and Electrical Engineering");
insert into Courses values ("Adverbs" , "UMBC" , "English");
insert into Courses values ("Microeconomics" , "UMBC" , "Economics");
insert into Courses values ("History and Philosophy of Social Work and Social Welfare" , "UMCP" , "Social Work");
insert into Courses values ("Music in Ancient Times" , "Towson" , "Music");
insert into Courses values ("Principles of Sociology" , "UMCP" , "Pre-Law");
insert into Courses values ("Production Practicum" , "UMCP" , "Theatre");
insert into Courses values ("Culture in America" , "UMCP" , "Sociology");
insert into Courses values ("Introduction to Psychology" , "UMCP" , "Psychology");
insert into Courses values ("Salsa" , "UMBC" , "Dance");
insert into Courses values ("Rocket Propulsion " , "Towson" , "Mechanical Engineering");
insert into Courses values ("Human Anatomy" , "UMCP" , "Pre-Medicine and Pre-Dentistry");
insert into Courses values ("Econometrics" , "UMBC" , "Business Technology Administration");
insert into Courses values ("Organic Chemistry" , "UMBC" , "Chemical, Biochemical & Environmental Engineering");
insert into Courses values ("Christianity " , "UMCP" , "Religious Studies");
insert into Courses values ("Macroeconomics" , "UMBC" , "Economics");
insert into Courses values ("Teaching 101" , "UMBC" , "Education");
insert into Courses values ("Biochemistry" , "UMBC" , "Chemistry and Biochemistry");

insert into Departments values("Towson", "Visual Arts");
insert into Departments values("UMCP", "Visual Arts");
insert into Departments values("Towson", "Mathematics and Statistics");
insert into Departments values("Towson", "Mechanical Engineering");
insert into Departments values("UMBC", "English Language Institute");
insert into Departments values("Towson", "Management of Aging Services");
insert into Departments values("Towson", "Philosophy");
insert into Departments values("UMBC", "Emergency Health Services");
insert into Departments values("Towson", "Media and Communication Studies");
insert into Departments values("UMCP", "Pre-Allied Health");
insert into Departments values("Towson", "Music");
insert into Departments values("Towson", "Modern Languages, Linguistics and Intercultural Communication");
insert into Departments values("Towson", "Judaic Studies");
insert into Departments values("UMBC", "Computer Science and Electrical Engineering");
insert into Departments values("UMBC", "English");
insert into Departments values("UMBC", "Economics");
insert into Departments values("UMCP", "Social Work");
insert into Departments values("UMCP", "Pre-Law");
insert into Departments values("UMCP", "Theatre");
insert into Departments values("UMCP", "Sociology");
insert into Departments values("UMCP", "Psychology");
insert into Departments values("UMBC", "Dance");
insert into Departments values("UMCP", "Pre-Medicine and Pre-Dentistry");
insert into Departments values("UMBC", "Business Technology Administration");
insert into Departments values("UMBC", "Chemical, Biochemical & Environmental Engineering");
insert into Departments values("UMCP", "Religious Studies");
insert into Departments values("UMBC", "Education");
insert into Departments values("UMBC", "Chemistry and Biochemistry");

insert into TeachingCourse values((select ID from Instructors where FirstName = "Julia" and LastName = "Lambert"), "Acrylic painting" , "Fall" , 2014);
insert into TeachingCourse values((select ID from Instructors where FirstName = "Jessica" and LastName = "Glover"), "Acrylic painting" , "Fall" , 2014);
insert into TeachingCourse values((select ID from Instructors where FirstName = "Connor" and LastName = "Edmunds"), "linear algebra" , "Fall" , 2014);
insert into TeachingCourse values((select ID from Instructors where FirstName = "Ian" and LastName = "Gibson"), "Wing Design" , "Fall" , 2014);
insert into TeachingCourse values((select ID from Instructors where FirstName = "Alexander" and LastName = "Clarkson"), "English and International Students" , "Fall" , 2014);
insert into TeachingCourse values((select ID from Instructors where FirstName = "Felicity" and LastName = "Buckland"), "Health and Age" , "Fall" , 2014);
insert into TeachingCourse values((select ID from Instructors where FirstName = "Lucas" and LastName = "Payne"), "Ancient Greek Philosophy" , "Fall" , 2014);
insert into TeachingCourse values((select ID from Instructors where FirstName = "Emma" and LastName = "Kelly"), "Vaccination" , "Fall" , 2014);
insert into TeachingCourse values((select ID from Instructors where FirstName = "Amelia" and LastName = "Cameron"), "Print Journalism " , "Fall" , 2014);
insert into TeachingCourse values((select ID from Instructors where FirstName = "Isaac" and LastName = "Anderson"), "Introduction to Academic Reading" , "Fall" , 2014);
insert into TeachingCourse values((select ID from Instructors where FirstName = "Una" and LastName = "Oliver"), "Music in Medivial Times" , "Fall" , 2014);
insert into TeachingCourse values((select ID from Instructors where FirstName = "Lily" and LastName = "Burgess"), "The Field of Intercultural Communication" , "Fall" , 2014);
insert into TeachingCourse values((select ID from Instructors where FirstName = "Piers" and LastName = "Gray"), "Israel and the Ancient Near East" , "Fall" , 2014);
insert into TeachingCourse values((select ID from Instructors where FirstName = "Harry" and LastName = "Mills"), "Operating System" , "Fall" , 2014);
insert into TeachingCourse values((select ID from Instructors where FirstName = "Fiona" and LastName = "Hamilton"), "Adverbs" , "Fall" , 2014);
insert into TeachingCourse values((select ID from Instructors where FirstName = "Yvonne" and LastName = "Wilkins"), "Microeconomics" , "Spring" , 2014);
insert into TeachingCourse values((select ID from Instructors where FirstName = "Piers" and LastName = "Peters"), "History and Philosophy of Social Work and Social Welfare" , "Winter" , 2014);
insert into TeachingCourse values((select ID from Instructors where FirstName = "Una" and LastName = "Oliver"), "Music in Ancient Times" , "Fall" , 2014);
insert into TeachingCourse values((select ID from Instructors where FirstName = "Hannah" and LastName = "Bond"), "Principles of Sociology" , "Fall" , 2014);
insert into TeachingCourse values((select ID from Instructors where FirstName = "Mary" and LastName = "Ogden"), "Production Practicum" , "Winter" , 2014);
insert into TeachingCourse values((select ID from Instructors where FirstName = "Richard" and LastName = "Clark"), "Culture in America" , "Winter" , 2014);
insert into TeachingCourse values((select ID from Instructors where FirstName = "Colin" and LastName = "Nolan"), "Introduction to Psychology" , "Winter" , 2014);
insert into TeachingCourse values((select ID from Instructors where FirstName = "Sean" and LastName = "Lee"), "Salsa" , "Fall" , 2014);
insert into TeachingCourse values((select ID from Instructors where FirstName = "Yvonne" and LastName = "Wilkins"), "Macroeconomics" , "Fall" , 2014);
insert into TeachingCourse values((select ID from Instructors where FirstName = "Justin" and LastName = "Turner"), "Teaching 101" , "Fall" , 2014);
insert into TeachingCourse values((select ID from Instructors where FirstName = "Brian" and LastName = "Lambert"), "Biochemistry" , "Fall" , 2014);

insert into BookDetails values ("Acrylic Painting Step by Step: Discover all the basics and a range of special techniques for creating your own masterpieces in acrylic", 321558235, 9780321558237, "2009", 10, "Benjamin Cummings", 9, "English", "Visual Arts", "Tom Swimm");
insert into BookDetails values ("linear algebra", 15672234225, 97815066068498, "2002", 4, "Saunders", 4, "English", "Mathematics and Statistics", "Ron Larson");
insert into BookDetails values ("Understanding Flight", 16853055455, 97816200261595, "2001", 3, "Touchstone", 4, "English", "Mechanical Engineering", "Scott Eberhardt");
insert into BookDetails values ("English Made Easy Volume One: Learning English through Pictures", 12129770535, 97811663489207, "2002", 4, "Worth Publishers", 5, "English", "English Language Institute", "Jonathan Crichton");
insert into BookDetails values ("The New Politics of Old Age Policy", 14491412995, 97813931875401, "2002", 3, "Plume", 4, "English", "Management of Aging Services", "Robert B. Hudson");
insert into BookDetails values ("Ancient Greek Philosophy: From the Presocratics to the Hellenistic Philosophers", 21576340375, 97820737033983, "1995", 2, "Benjamin Cummings", 3, "English", "Philosophy", "Thomas A. Blackson");
insert into BookDetails values ("Epidemiology and Prevention of Vaccine-Preventable Diseases", 9768128075, 9789395103013, "2002", 6, "Touchstone", 5, "English", "Emergency Health Services", "William Atkinson, Charles (Skip) Wolfe");
insert into BookDetails values ("Fearless Editing: Crafting Words and Images for Print, Web, and Public Relations", 18033876685, 97817334454692, "1993", 2, "Benjamin Cummings", 4, "English", "Media and Communication Studies", "Carolyn Dale");
insert into BookDetails values ("Pearson Textbook Reader: Reading in Applied and Academic Fields", 22757161605, 97821871227080, "1990", 3, "McDougal Littel", 3, "English", "Pre-Allied Health", "Dawn Lee");
insert into BookDetails values ("The Development of Western Music: A History", 20395519145, 97819602840886, "1987", 3, "Mosby", 6, "English", "Music", "K Stolba");
insert into BookDetails values ("Understanding Intercultural Communication", 19214697915, 97818468647789, "1996", 6, "Jerry Wyant", 4, "English", "Modern Languages", "Stella Ting-Toomey");
insert into BookDetails values ("A Conceptual Approach to the Mekilta", 13310591765, 97812797682304, "2002", 6, "Mosby", 5, "English", "Judaic Studies", "Max Kadushin");
insert into BookDetails values ("Modern Operating Systems", 5044843155, 9784858330625, "2009", 35, "Plume", 5, "English", "Computer Science and Electrical Engineering", "Andrew S. Tanenbaum");
insert into BookDetails values ("McGraw-Hill Handbook of English Grammar and Usage", 10948949305, 97810529296110, "2002", 2, "Benjamin Cummings", 5, "English", "English", "Larry Beason");
insert into BookDetails values ("Principles of Economics", 18742369423, 9785992523722, "1993", 12, "Cengage Learning", 6, "English", "Economics", "N. Gregory Mankiw");
insert into BookDetails values ("Ethical Issues in Social Work (Professional Ethics)", 28661267755, 97827542192565, "2003", 3, "Amazon Digital Services, Inc.", 2, "English", "Social Work", "Richard Hugman");
insert into BookDetails values ("Music in Ancient Greece and Rome", 19568944284, 97813931875402, "2001", 29, "McDougal Littel", 1, "English", "Music", "John G Landels");
insert into BookDetails values ("Sociology: A Brief Introduction", 23937982835, 97823005420177, "1993", 2, "Amazon Digital Services, Inc.", 3, "English", "Pre-Law", "Richard T. Schaefer");
insert into BookDetails values ("The Humongous Book of linear algebra Problems", 1592575129, 9781592575121, "2007", 26, "ALPHA", 1, "English", "Mathematics and Statistics", "Michael Kelley");
insert into BookDetails values ("The Art of Theatrical Design: Elements of Visual Composition, Methods, and Practice", 31022910215, 97829810578759, "2012", 5, "Amazon Digital Services, Inc.", 2, "English", "Theatre", "Kaoime Malloy");
insert into BookDetails values ("Lies My Teacher Told Me: Everything Your American History Textbook Got Wrong", 29842088985, 97828676385662, "2001", 4, "Amazon Digital Services, Inc.", 2, "English", "Sociology", "James W. Loewen");
insert into BookDetails values ("Psychology", 26299625295, 97825273806371, "2005", 7, "Amazon Digital Services, Inc.", 3, "English", "Psychology", "David G. Myers");
insert into BookDetails values ("The Great Salsa Book", 6225664385, 9785992523723, "2006", 10, "Mosby", 5, "English", "Dance", "Mark Miller");
insert into BookDetails values ("Elements of Propulsion: Gas Turbines and Rockets", 1563477793, 9781563477799, "2006", 30, "Aiaa", 4, "English", "Mechanical Engineering", "J Mattingly");
insert into BookDetails values ("Guyton and Hall Textbook of Medical Physiology", 25118804065, 97824139613274, "1999", 4, "Amazon Digital Services, Inc.", 3, "English", "Pre-Medicine and Pre-Dentistry", "John E. Hall");
insert into BookDetails values ("Applied Econometrics", 1502379465, 9781455751334, "2008", 20, "Saunders", 8, "English", "Business Technology Administration", "Dimitrios Asteriou");
insert into BookDetails values ("Organic Chemistry", 2683200695, 9782589944431, "1967", 15, "McDougal Littel", 1, "English", "Chemical", "John E. McMurry");
insert into BookDetails values ("Christianity 101: A Textbook of Catholic Theology", 27480446525, 97826407999468, "2001", 8, "Amazon Digital Services, Inc.", 2, "English", "Religious Studies", "Gregory C. Higgins");
insert into BookDetails values ("Rocket Propulsion Elements", 9470080248, 9780470080245, "2010", 30, "Wiley", 8, "English", "Mechanical Engineering", "George Sutton");
insert into BookDetails values ("Basic Economics for Students and Non-Students Alike", 7406485615, 9787126716819, "2004", 10, "Benjamin Cummings", 5, "English", "Economics", "Jerry Wyant");
insert into BookDetails values ("Child Development: An Introduction", 8587306845, 9788260909916, "2001", 5, "Jerry Wyant", 5, "English", "Education", "John Santrock");
insert into BookDetails values ("Textbook of Biochemistry with Clinical Correlations", 3864021925, 9783724137528, "1991", 25, "Saunders", 5, "English", "Chemistry and Biochemistry", "Thomas M. Devlin");
insert into BookDetails values ("Revival: A Novel", 1476770387, 9781476770383, "2014", 30, "Scribner", 1, "English", "Fiction", "Stephen King");
insert into BookDetails values ("The shining", 1476444387, 9780307743657, "2012", 10, "Anchor", 3, "English", "Fiction", "Stephen King");


insert into Keywords values (321558235, "Tom Swimm Acrylic Painting Step by Step: Discover all the basics and a range of special techniques for creating your own masterpieces in acrylic Acrylic painting");
insert into Keywords values (15672234225, "Ron Larson linear algebra linear algebra");
insert into Keywords values (16853055455, "Scott Eberhardt Understanding Flight Wing Design");
insert into Keywords values (12129770535, "Jonathan Crichton English Made Easy Volume One: Learning English through Pictures English and International Students");
insert into Keywords values (14491412995, "Robert B. Hudson The New Politics of Old Age Policy Health and Age");
insert into Keywords values (21576340375, "Thomas A. Blackson Ancient Greek Philosophy: From the Presocratics to the Hellenistic Philosophers Ancient Greek Philosophy");
insert into Keywords values (9768128075, "William Atkinson, Charles (Skip) Wolfe Epidemiology and Prevention of Vaccine-Preventable Diseases Vaccination");
insert into Keywords values (18033876685, "Carolyn Dale Fearless Editing: Crafting Words and Images for Print, Web, and Public Relations Print Journalism ");
insert into Keywords values (22757161605, "Dawn Lee Pearson Textbook Reader: Reading in Applied and Academic Fields Introduction to Academic Reading");
insert into Keywords values (20395519145, "K Stolba The Development of Western Music: A History Music in Medivial Times");
insert into Keywords values (19214697915, "Stella Ting-Toomey Understanding Intercultural Communication The Field of Intercultural Communication");
insert into Keywords values (13310591765, "Max Kadushin A Conceptual Approach to the Mekilta Israel and the Ancient Near East");
insert into Keywords values (5044843155, "Andrew S. Tanenbaum Modern Operating Systems Operating System");
insert into Keywords values (10948949305, "Larry Beason McGraw-Hill Handbook of English Grammar and Usage Adverbs");
insert into Keywords values (18742369423, "N. Gregory Mankiw Principles of Economics Microeconomics");
insert into Keywords values (28661267755, "Richard Hugman Ethical Issues in Social Work (Professional Ethics) History and Philosophy of Social Work and Social Welfare");
insert into Keywords values (19568944284, "John G Landels Music in Ancient Greece and Rome Music in Ancient Times");
insert into Keywords values (23937982835, "Richard T. Schaefer Sociology: A Brief Introduction Principles of Sociology");
insert into Keywords values (1592575129, "Michael Kelley The Humongous Book of linear algebra Problems linear algebra");
insert into Keywords values (31022910215, "Kaoime Malloy The Art of Theatrical Design: Elements of Visual Composition, Methods, and Practice Production Practicum");
insert into Keywords values (29842088985, "James W. Loewen Lies My Teacher Told Me: Everything Your American History Textbook Got Wrong Culture in America");
insert into Keywords values (26299625295, "David G. Myers Psychology Introduction to Psychology");
insert into Keywords values (6225664385, "Mark Miller The Great Salsa Book Salsa");
insert into Keywords values (1563477793, "J Mattingly Elements of Propulsion: Gas Turbines and Rockets Rocket Propulsion ");
insert into Keywords values (25118804065, "John E. Hall Guyton and Hall Textbook of Medical Physiology Human Anatomy");
insert into Keywords values (1502379465, "Dimitrios Asteriou Applied Econometrics Econometrics");
insert into Keywords values (2683200695, "John E. McMurry Organic Chemistry Organic Chemistry");
insert into Keywords values (27480446525, "Gregory C. Higgins Christianity 101: A Textbook of Catholic Theology Christianity ");
insert into Keywords values (9470080248, "George Sutton Rocket Propulsion Elements Rocket Propulsion ");
insert into Keywords values (7406485615, "Jerry Wyant Basic Economics for Students and Non-Students Alike Macroeconomics");
insert into Keywords values (8587306845, "John Santrock Child Development: An Introduction Teaching 101");
insert into Keywords values (3864021925, "Thomas M. Devlin Textbook of Biochemistry with Clinical Correlations Biochemistry");
insert into Keywords values (1476770387, "Stephen King Revival: A Novel ");
insert into Keywords values (1476444387, "Stephen King The shining ");

insert into Keywords values (321558235, "Acrylic painting");
insert into Keywords values (15672234225, "linear algebra");
insert into Keywords values (16853055455, "Wing Design");
insert into Keywords values (12129770535, "English and International Students");
insert into Keywords values (14491412995, "Health and Age");
insert into Keywords values (21576340375, "Ancient Greek Philosophy");
insert into Keywords values (9768128075, "Vaccination");
insert into Keywords values (18033876685, "Print Journalism ");
insert into Keywords values (22757161605, "Introduction to Academic Reading");
insert into Keywords values (20395519145, "Music in Medivial Times");
insert into Keywords values (19214697915, " Linguistics and Intercultural Communication");
insert into Keywords values (19214697915, "The Field of Intercultural Communication");
insert into Keywords values (13310591765, "Israel and the Ancient Near East");
insert into Keywords values (5044843155, "Operating System");
insert into Keywords values (10948949305, "Adverbs");
insert into Keywords values (18742369423, "Microeconomics");
insert into Keywords values (28661267755, "History and Philosophy of Social Work and Social Welfare");
insert into Keywords values (19568944284, "Music in Ancient Times");
insert into Keywords values (23937982835, "Principles of Sociology");
insert into Keywords values (1592575129, "linear algebra");
insert into Keywords values (31022910215, "Production Practicum");
insert into Keywords values (29842088985, "Culture in America");
insert into Keywords values (26299625295, "Introduction to Psychology");
insert into Keywords values (6225664385, "Salsa");
insert into Keywords values (1563477793, "Rocket Propulsion ");
insert into Keywords values (25118804065, "Human Anatomy");
insert into Keywords values (1502379465, "Econometrics");
insert into Keywords values (2683200695, " Biochemical & Environmental Engineering");
insert into Keywords values (2683200695, "Organic Chemistry");
insert into Keywords values (27480446525, "Christianity ");
insert into Keywords values (9470080248, "Rocket Propulsion ");
insert into Keywords values (7406485615, "Macroeconomics");
insert into Keywords values (8587306845, "Teaching 101");
insert into Keywords values (3864021925, "Biochemistry");
insert into Keywords values (1476770387, " Thriller");
insert into Keywords values (1476444387, " Thriller");

insert into Subcategories values (321558235, "Acrylic painting");
insert into Subcategories values (15672234225, "linear algebra");
insert into Subcategories values (16853055455, "Wing Design");
insert into Subcategories values (12129770535, "English and International Students");
insert into Subcategories values (14491412995, "Health and Age");
insert into Subcategories values (21576340375, "Ancient Greek Philosophy");
insert into Subcategories values (9768128075, "Vaccination");
insert into Subcategories values (18033876685, "Print Journalism");
insert into Subcategories values (22757161605, "Introduction to Academic Reading");
insert into Subcategories values (20395519145, "Music in Medivial Times");
insert into Subcategories values (19214697915, "Linguistics and Intercultural Communication");
insert into Subcategories values (13310591765, "Israel and the Ancient Near East");
insert into Subcategories values (5044843155, "Operating System");
insert into Subcategories values (10948949305, "Adverbs");
insert into Subcategories values (18742369423, "Microeconomics");
insert into Subcategories values (28661267755, "History and Philosophy of Social Work and Social Welfare");
insert into Subcategories values (19568944284, "Music in Ancient Times");
insert into Subcategories values (23937982835, "Principles of Sociology");
insert into Subcategories values (1592575129, "linear algebra");
insert into Subcategories values (31022910215, "Production Practicum");
insert into Subcategories values (29842088985, "Culture in America");
insert into Subcategories values (26299625295, "Introduction to Psychology");
insert into Subcategories values (6225664385, "Salsa");
insert into Subcategories values (1563477793, "Rocket Propulsion");
insert into Subcategories values (25118804065, "Human Anatomy");
insert into Subcategories values (1502379465, "Econometrics");
insert into Subcategories values (2683200695, "Biochemical & Environmental Engineering");
insert into Subcategories values (27480446525, "Christianity");
insert into Subcategories values (9470080248, "Rocket Propulsion");
insert into Subcategories values (7406485615, "Macroeconomics");
insert into Subcategories values (8587306845, "Teaching 101");
insert into Subcategories values (3864021925, "Biochemistry");
insert into Subcategories values (1476770387, "Thriller");
insert into Subcategories values (1476444387, "Thriller");
insert into Subcategories values (19214697915, "The Field of Intercultural Communication");
insert into Subcategories values (2683200695, "Organic Chemistry");

insert into BookInven values (946593099, 321558235, 3.45, "new", "hardcover", 0.3, "buy");
insert into BookInven values (652724634, 321558235, 3.45, "new", "hardcover", 0.3, "buy");
insert into BookInven values (862284967, 321558235, 3.45, "new", "hardcover", 0.3, "buy");
insert into BookInven values (863224419, 321558235, 3.45, "new", "hardcover", 0.3, "buy");
insert into BookInven values (639534432, 321558235, 3.45, "new", "hardcover", 0.3, "buy");
insert into BookInven values (759336277, 321558235, 3.45, "new", "hardcover", 0.3, "buy");
insert into BookInven values (284521733, 321558235, 3.45, "new", "hardcover", 0.3, "buy");
insert into BookInven values (518170426, 321558235, 3.45, "new", "hardcover", 0.3, "buy");
insert into BookInven values (687630105, 321558235, 3.45, "new", "hardcover", 0.3, "buy");
insert into BookInven values (924063037, 321558235, 3.45, "new", "hardcover", 0.3, "buy");
insert into BookInven values (248966517, 321558235, 3.45, "new", "hardcover", 0.3, "buy");
insert into BookInven values (316495288, 321558235, 3.45, "new", "hardcover", 0.3, "buy");
insert into BookInven values (326948538, 321558235, 3.45, "new", "hardcover", 0.3, "buy");
insert into BookInven values (167336455, 321558235, 3.45, "new", "hardcover", 0.3, "buy");
insert into BookInven values (643086957, 321558235, 3.45, "new", "hardcover", 0.3, "buy");
insert into BookInven values (902837420, 321558235, 3.45, "new", "hardcover", 0.3, "buy");
insert into BookInven values (734831191, 321558235, 3.45, "new", "hardcover", 0.3, "buy");
insert into BookInven values (202814382, 321558235, 3.45, "new", "hardcover", 0.3, "buy");
insert into BookInven values (803143791, 321558235, 3.45, "new", "hardcover", 0.3, "buy");
insert into BookInven values (381578169, 321558235, 3.45, "new", "hardcover", 0.3, "buy");
insert into BookInven values (619402771, 15672234225, 13, "old", "paperback", 0.43, "rent");
insert into BookInven values (737982729, 15672234225, 13, "old", "paperback", 0.43, "rent");
insert into BookInven values (843088219, 15672234225, 13, "old", "paperback", 0.43, "rent");
insert into BookInven values (369669360, 15672234225, 13, "old", "paperback", 0.43, "rent");
insert into BookInven values (172777286, 16853055455, 17, "old", "paperback", 0.23, "rent");
insert into BookInven values (593711841, 16853055455, 17, "old", "paperback", 0.23, "rent");
insert into BookInven values (705214072, 16853055455, 17, "old", "paperback", 0.23, "rent");
insert into BookInven values (499956272, 12129770535, 19, "new", "paperback", 0.8, "rent");
insert into BookInven values (53058133, 12129770535, 19, "new", "paperback", 0.8, "rent");
insert into BookInven values (851781195, 12129770535, 19, "new", "paperback", 0.8, "rent");
insert into BookInven values (694541071, 12129770535, 19, "new", "paperback", 0.8, "rent");
insert into BookInven values (820634929, 14491412995, 19.83, "old", "paperback", 0.56, "rent");
insert into BookInven values (32611807, 14491412995, 19.83, "old", "paperback", 0.56, "rent");
insert into BookInven values (469307655, 14491412995, 19.83, "old", "paperback", 0.56, "rent");
insert into BookInven values (790098160, 21576340375, 20, "old", "paperback", 0.3, "rent");
insert into BookInven values (439869420, 21576340375, 20, "old", "paperback", 0.3, "rent");
insert into BookInven values (475349216, 9768128075, 20, "new", "hardcover", 0.9, "rent");
insert into BookInven values (223285929, 9768128075, 20, "new", "hardcover", 0.9, "rent");
insert into BookInven values (728660185, 9768128075, 20, "new", "hardcover", 0.9, "rent");
insert into BookInven values (69373126, 9768128075, 20, "new", "hardcover", 0.9, "rent");
insert into BookInven values (340426500, 9768128075, 20, "new", "hardcover", 0.9, "rent");
insert into BookInven values (435080723, 9768128075, 20, "new", "hardcover", 0.9, "rent");
insert into BookInven values (41559734, 18033876685, 20, "old", "paperback", 0.6, "rent");
insert into BookInven values (773160247, 18033876685, 20, "old", "paperback", 0.6, "rent");
insert into BookInven values (14868531, 22757161605, 20, "old", "paperback", 0.9, "rent");
insert into BookInven values (641531970, 22757161605, 20, "old", "paperback", 0.9, "rent");
insert into BookInven values (294987872, 22757161605, 20, "old", "paperback", 0.9, "rent");
insert into BookInven values (578828281, 20395519145, 20, "old", "paperback", 0.4, "rent");
insert into BookInven values (741203491, 20395519145, 20, "old", "paperback", 0.4, "rent");
insert into BookInven values (58830694, 20395519145, 20, "old", "paperback", 0.4, "rent");
insert into BookInven values (608766698, 19214697915, 20, "old", "paperback", 0.3, "rent");
insert into BookInven values (385354299, 19214697915, 20, "old", "paperback", 0.3, "rent");
insert into BookInven values (468609310, 19214697915, 20, "old", "paperback", 0.3, "rent");
insert into BookInven values (169712022, 19214697915, 20, "old", "paperback", 0.3, "rent");
insert into BookInven values (886787187, 19214697915, 20, "old", "paperback", 0.3, "rent");
insert into BookInven values (741942594, 19214697915, 20, "old", "paperback", 0.3, "rent");
insert into BookInven values (317174054, 13310591765, 20.33, "new", "paperback", 1.933333333, "rent");
insert into BookInven values (327497498, 13310591765, 20.33, "new", "paperback", 1.933333333, "rent");
insert into BookInven values (239830464, 13310591765, 20.33, "new", "paperback", 1.933333333, "rent");
insert into BookInven values (436295091, 13310591765, 20.33, "new", "paperback", 1.933333333, "rent");
insert into BookInven values (873966194, 13310591765, 20.33, "new", "paperback", 1.933333333, "rent");
insert into BookInven values (849036892, 13310591765, 20.33, "new", "paperback", 1.933333333, "rent");
insert into BookInven values (100737739, 5044843155, 23, "new", "hardcover", 0.8833333333, "buy");
insert into BookInven values (906817682, 5044843155, 23, "new", "hardcover", 0.8833333333, "buy");
insert into BookInven values (124814503, 5044843155, 23, "new", "hardcover", 0.8833333333, "buy");
insert into BookInven values (52008630, 5044843155, 23, "new", "hardcover", 0.8833333333, "buy");
insert into BookInven values (6843732, 5044843155, 23, "new", "hardcover", 0.8833333333, "buy");
insert into BookInven values (66002588, 5044843155, 23, "new", "hardcover", 0.8833333333, "buy");
insert into BookInven values (196037859, 5044843155, 23, "new", "hardcover", 0.8833333333, "buy");
insert into BookInven values (648528487, 5044843155, 23, "new", "hardcover", 0.8833333333, "buy");
insert into BookInven values (381558715, 5044843155, 23, "new", "hardcover", 0.8833333333, "buy");
insert into BookInven values (687490278, 5044843155, 23, "new", "hardcover", 0.8833333333, "buy");
insert into BookInven values (482525349, 5044843155, 23, "new", "hardcover", 0.8833333333, "buy");
insert into BookInven values (177082961, 5044843155, 23, "new", "hardcover", 0.8833333333, "buy");
insert into BookInven values (297474512, 5044843155, 23, "new", "hardcover", 0.8833333333, "buy");
insert into BookInven values (315367829, 5044843155, 23, "new", "hardcover", 0.8833333333, "buy");
insert into BookInven values (518383551, 5044843155, 23, "new", "hardcover", 0.8833333333, "buy");
insert into BookInven values (946423645, 5044843155, 23, "new", "hardcover", 0.8833333333, "buy");
insert into BookInven values (436983376, 5044843155, 23, "new", "hardcover", 0.8833333333, "buy");
insert into BookInven values (961224148, 5044843155, 23, "new", "hardcover", 0.8833333333, "buy");
insert into BookInven values (376285073, 5044843155, 23, "new", "hardcover", 0.8833333333, "buy");
insert into BookInven values (652804003, 5044843155, 23, "new", "hardcover", 0.8833333333, "buy");
insert into BookInven values (376238322, 5044843155, 23, "new", "hardcover", 0.8833333333, "buy");
insert into BookInven values (910155601, 5044843155, 23, "new", "hardcover", 0.8833333333, "buy");
insert into BookInven values (601739612, 5044843155, 23, "new", "hardcover", 0.8833333333, "buy");
insert into BookInven values (252531140, 5044843155, 23, "new", "hardcover", 0.8833333333, "buy");
insert into BookInven values (889992056, 5044843155, 23, "new", "hardcover", 0.8833333333, "buy");
insert into BookInven values (11632356, 5044843155, 23, "new", "hardcover", 0.8833333333, "buy");
insert into BookInven values (542803462, 5044843155, 23, "new", "hardcover", 0.8833333333, "buy");
insert into BookInven values (517904119, 5044843155, 23, "new", "hardcover", 0.8833333333, "buy");
insert into BookInven values (883998549, 5044843155, 23, "new", "hardcover", 0.8833333333, "buy");
insert into BookInven values (966243355, 5044843155, 23, "new", "hardcover", 0.8833333333, "buy");
insert into BookInven values (783502060, 5044843155, 23, "new", "hardcover", 0.8833333333, "buy");
insert into BookInven values (10471837, 5044843155, 23, "new", "hardcover", 0.8833333333, "buy");
insert into BookInven values (894495178, 5044843155, 23, "new", "hardcover", 0.8833333333, "buy");
insert into BookInven values (761405997, 5044843155, 23, "new", "hardcover", 0.8833333333, "buy");
insert into BookInven values (416622364, 5044843155, 23, "new", "hardcover", 0.8833333333, "buy");
insert into BookInven values (929901195, 10948949305, 25, "new", "hardcover", 0.8, "rent");
insert into BookInven values (458497488, 10948949305, 25, "new", "hardcover", 0.8, "rent");
insert into BookInven values (295319629, 18742369423, 34, "new", "hardcover", 1, "buy");
insert into BookInven values (400716065, 18742369423, 34, "new", "hardcover", 1, "buy");
insert into BookInven values (374891582, 18742369423, 34, "new", "hardcover", 1, "buy");
insert into BookInven values (383110128, 18742369423, 34, "new", "hardcover", 1, "buy");
insert into BookInven values (457455349, 18742369423, 34, "new", "hardcover", 1, "buy");
insert into BookInven values (907699352, 18742369423, 34, "new", "hardcover", 1, "buy");
insert into BookInven values (141682200, 18742369423, 34, "new", "hardcover", 1, "buy");
insert into BookInven values (187578949, 18742369423, 34, "new", "hardcover", 1, "buy");
insert into BookInven values (196767983, 18742369423, 34, "new", "hardcover", 1, "buy");
insert into BookInven values (496819024, 18742369423, 34, "new", "hardcover", 1, "buy");
insert into BookInven values (444236102, 18742369423, 34, "new", "hardcover", 1, "buy");
insert into BookInven values (316805194, 18742369423, 34, "new", "hardcover", 1, "buy");
insert into BookInven values (366775198, 28661267755, 34, "old", "electronic", 0, "buy");
insert into BookInven values (88723358, 28661267755, 34, "old", "electronic", 0, "buy");
insert into BookInven values (183094222, 28661267755, 34, "old", "electronic", 0, "buy");
insert into BookInven values (970966772, 19568944284, 41, "new", "paperback", 2, "buy");
insert into BookInven values (755325416, 19568944284, 41, "new", "paperback", 2, "buy");
insert into BookInven values (829235316, 19568944284, 41, "new", "paperback", 2, "buy");
insert into BookInven values (630902383, 19568944284, 41, "new", "paperback", 2, "buy");
insert into BookInven values (675336615, 19568944284, 41, "new", "paperback", 2, "buy");
insert into BookInven values (982192448, 19568944284, 41, "new", "paperback", 2, "buy");
insert into BookInven values (813157584, 19568944284, 41, "new", "paperback", 2, "buy");
insert into BookInven values (963777859, 19568944284, 41, "new", "paperback", 2, "buy");
insert into BookInven values (375005711, 19568944284, 41, "new", "paperback", 2, "buy");
insert into BookInven values (10137682, 19568944284, 41, "new", "paperback", 2, "buy");
insert into BookInven values (175950194, 19568944284, 41, "new", "paperback", 2, "buy");
insert into BookInven values (792953004, 19568944284, 41, "new", "paperback", 2, "buy");
insert into BookInven values (835278941, 19568944284, 41, "new", "paperback", 2, "buy");
insert into BookInven values (186680066, 19568944284, 41, "new", "paperback", 2, "buy");
insert into BookInven values (299691200, 19568944284, 41, "new", "paperback", 2, "buy");
insert into BookInven values (94757058, 19568944284, 41, "new", "paperback", 2, "buy");
insert into BookInven values (528081496, 19568944284, 41, "new", "paperback", 2, "buy");
insert into BookInven values (205927610, 19568944284, 41, "new", "paperback", 2, "buy");
insert into BookInven values (961280469, 19568944284, 41, "new", "paperback", 2, "buy");
insert into BookInven values (777709273, 19568944284, 41, "new", "paperback", 2, "buy");
insert into BookInven values (778683158, 19568944284, 41, "new", "paperback", 2, "buy");
insert into BookInven values (223488214, 19568944284, 41, "new", "paperback", 2, "buy");
insert into BookInven values (623885728, 19568944284, 41, "new", "paperback", 2, "buy");
insert into BookInven values (422330358, 19568944284, 41, "new", "paperback", 2, "buy");
insert into BookInven values (760479321, 19568944284, 41, "new", "paperback", 2, "buy");
insert into BookInven values (616168086, 19568944284, 41, "new", "paperback", 2, "buy");
insert into BookInven values (695919328, 19568944284, 41, "new", "paperback", 2, "buy");
insert into BookInven values (108297947, 19568944284, 41, "new", "paperback", 2, "buy");
insert into BookInven values (687268664, 19568944284, 41, "new", "paperback", 2, "buy");
insert into BookInven values (697786320, 23937982835, 45, "old", "electronic", 0, "buy");
insert into BookInven values (424890381, 23937982835, 45, "old", "electronic", 0, "buy");
insert into BookInven values (65025497, 1592575129, 54, "new", "hardcover", 3, "buy");
insert into BookInven values (195996819, 1592575129, 54, "new", "hardcover", 3, "buy");
insert into BookInven values (708235392, 1592575129, 54, "new", "hardcover", 3, "buy");
insert into BookInven values (364019976, 1592575129, 54, "new", "hardcover", 3, "buy");
insert into BookInven values (198995402, 1592575129, 54, "new", "hardcover", 3, "buy");
insert into BookInven values (754988496, 1592575129, 54, "new", "hardcover", 3, "buy");
insert into BookInven values (651749891, 1592575129, 54, "new", "hardcover", 3, "buy");
insert into BookInven values (97908564, 1592575129, 54, "new", "hardcover", 3, "buy");
insert into BookInven values (839041338, 1592575129, 54, "new", "hardcover", 3, "buy");
insert into BookInven values (324255144, 1592575129, 54, "new", "hardcover", 3, "buy");
insert into BookInven values (959439258, 1592575129, 54, "new", "hardcover", 3, "buy");
insert into BookInven values (157071849, 1592575129, 54, "new", "hardcover", 3, "buy");
insert into BookInven values (252746706, 1592575129, 54, "new", "hardcover", 3, "buy");
insert into BookInven values (250067588, 1592575129, 54, "new", "hardcover", 3, "buy");
insert into BookInven values (441855557, 1592575129, 54, "new", "hardcover", 3, "buy");
insert into BookInven values (92436813, 1592575129, 54, "new", "hardcover", 3, "buy");
insert into BookInven values (213386752, 1592575129, 54, "new", "hardcover", 3, "buy");
insert into BookInven values (503968521, 1592575129, 54, "new", "hardcover", 3, "buy");
insert into BookInven values (215487087, 1592575129, 54, "new", "hardcover", 3, "buy");
insert into BookInven values (683310192, 1592575129, 54, "new", "hardcover", 3, "buy");
insert into BookInven values (483122154, 1592575129, 54, "new", "hardcover", 3, "buy");
insert into BookInven values (475197862, 1592575129, 54, "new", "hardcover", 3, "buy");
insert into BookInven values (430056320, 1592575129, 54, "new", "hardcover", 3, "buy");
insert into BookInven values (889930555, 1592575129, 54, "new", "hardcover", 3, "buy");
insert into BookInven values (988947493, 1592575129, 54, "new", "hardcover", 3, "buy");
insert into BookInven values (265712919, 1592575129, 54, "new", "hardcover", 3, "buy");
insert into BookInven values (972405229, 31022910215, 54, "old", "electronic", 0, "buy");
insert into BookInven values (543387356, 31022910215, 54, "old", "electronic", 0, "buy");
insert into BookInven values (447595055, 31022910215, 54, "old", "electronic", 0, "buy");
insert into BookInven values (272795334, 31022910215, 54, "old", "electronic", 0, "buy");
insert into BookInven values (787316610, 31022910215, 54, "old", "electronic", 0, "buy");
insert into BookInven values (393824316, 29842088985, 56, "old", "electronic", 0, "buy");
insert into BookInven values (983269385, 29842088985, 56, "old", "electronic", 0, "buy");
insert into BookInven values (837390784, 29842088985, 56, "old", "electronic", 0, "buy");
insert into BookInven values (683034747, 29842088985, 56, "old", "electronic", 0, "buy");
insert into BookInven values (17071285, 26299625295, 56, "old", "electronic", 0, "buy");
insert into BookInven values (523693783, 26299625295, 56, "old", "electronic", 0, "buy");
insert into BookInven values (3628375, 26299625295, 56, "old", "electronic", 0, "buy");
insert into BookInven values (347973057, 26299625295, 56, "old", "electronic", 0, "buy");
insert into BookInven values (670982582, 26299625295, 56, "old", "electronic", 0, "buy");
insert into BookInven values (597444468, 26299625295, 56, "old", "electronic", 0, "buy");
insert into BookInven values (338753275, 26299625295, 56, "old", "electronic", 0, "buy");
insert into BookInven values (788327697, 6225664385, 57, "new", "hardcover", 0.8, "buy");
insert into BookInven values (292031633, 6225664385, 57, "new", "hardcover", 0.8, "buy");
insert into BookInven values (320780103, 6225664385, 57, "new", "hardcover", 0.8, "buy");
insert into BookInven values (276215127, 6225664385, 57, "new", "hardcover", 0.8, "buy");
insert into BookInven values (965410432, 6225664385, 57, "new", "hardcover", 0.8, "buy");
insert into BookInven values (747150369, 6225664385, 57, "new", "hardcover", 0.8, "buy");
insert into BookInven values (514515865, 6225664385, 57, "new", "hardcover", 0.8, "buy");
insert into BookInven values (539942068, 6225664385, 57, "new", "hardcover", 0.8, "buy");
insert into BookInven values (886005861, 6225664385, 57, "new", "hardcover", 0.8, "buy");
insert into BookInven values (116176955, 6225664385, 57, "new", "hardcover", 0.8, "buy");
insert into BookInven values (978611261, 1563477793, 67, "new", "hardcover", 4, "buy");
insert into BookInven values (22337195, 1563477793, 67, "new", "hardcover", 4, "buy");
insert into BookInven values (68855848, 1563477793, 67, "new", "hardcover", 4, "buy");
insert into BookInven values (964243729, 1563477793, 67, "new", "hardcover", 4, "buy");
insert into BookInven values (695750139, 1563477793, 67, "new", "hardcover", 4, "buy");
insert into BookInven values (373490827, 1563477793, 67, "new", "hardcover", 4, "buy");
insert into BookInven values (100140931, 1563477793, 67, "new", "hardcover", 4, "buy");
insert into BookInven values (512711414, 1563477793, 67, "new", "hardcover", 4, "buy");
insert into BookInven values (518618611, 1563477793, 67, "new", "hardcover", 4, "buy");
insert into BookInven values (463559423, 1563477793, 67, "new", "hardcover", 4, "buy");
insert into BookInven values (315518214, 1563477793, 67, "new", "hardcover", 4, "buy");
insert into BookInven values (639912940, 1563477793, 67, "new", "hardcover", 4, "buy");
insert into BookInven values (110021344, 1563477793, 67, "new", "hardcover", 4, "buy");
insert into BookInven values (486549406, 1563477793, 67, "new", "hardcover", 4, "buy");
insert into BookInven values (131647934, 1563477793, 67, "new", "hardcover", 4, "buy");
insert into BookInven values (339108967, 1563477793, 67, "new", "hardcover", 4, "buy");
insert into BookInven values (694689833, 1563477793, 67, "new", "hardcover", 4, "buy");
insert into BookInven values (362900116, 1563477793, 67, "new", "hardcover", 4, "buy");
insert into BookInven values (249041165, 1563477793, 67, "new", "hardcover", 4, "buy");
insert into BookInven values (445518915, 1563477793, 67, "new", "hardcover", 4, "buy");
insert into BookInven values (144029725, 1563477793, 67, "new", "hardcover", 4, "buy");
insert into BookInven values (123637548, 1563477793, 67, "new", "hardcover", 4, "buy");
insert into BookInven values (860281353, 1563477793, 67, "new", "hardcover", 4, "buy");
insert into BookInven values (213494410, 1563477793, 67, "new", "hardcover", 4, "buy");
insert into BookInven values (517997842, 1563477793, 67, "new", "hardcover", 4, "buy");
insert into BookInven values (827743725, 1563477793, 67, "new", "hardcover", 4, "buy");
insert into BookInven values (440504452, 1563477793, 67, "new", "hardcover", 4, "buy");
insert into BookInven values (92106111, 1563477793, 67, "new", "hardcover", 4, "buy");
insert into BookInven values (57141269, 1563477793, 67, "new", "hardcover", 4, "buy");
insert into BookInven values (834911786, 1563477793, 67, "new", "hardcover", 4, "buy");
insert into BookInven values (74529625, 25118804065, 78, "old", "electronic", 0, "buy");
insert into BookInven values (550354446, 25118804065, 78, "old", "electronic", 0, "buy");
insert into BookInven values (951957333, 25118804065, 78, "old", "electronic", 0, "buy");
insert into BookInven values (117498516, 25118804065, 78, "old", "electronic", 0, "buy");
insert into BookInven values (466856346, 1502379465, 78.54, "new", "hardcover", 0.4, "buy");
insert into BookInven values (286700580, 1502379465, 78.54, "new", "hardcover", 0.4, "buy");
insert into BookInven values (695356778, 1502379465, 78.54, "new", "hardcover", 0.4, "buy");
insert into BookInven values (194653646, 1502379465, 78.54, "new", "hardcover", 0.4, "buy");
insert into BookInven values (425432227, 1502379465, 78.54, "new", "hardcover", 0.4, "buy");
insert into BookInven values (948807562, 1502379465, 78.54, "new", "hardcover", 0.4, "buy");
insert into BookInven values (260974761, 1502379465, 78.54, "new", "hardcover", 0.4, "buy");
insert into BookInven values (709058674, 1502379465, 78.54, "new", "hardcover", 0.4, "buy");
insert into BookInven values (706772466, 1502379465, 78.54, "new", "hardcover", 0.4, "buy");
insert into BookInven values (628574938, 1502379465, 78.54, "new", "hardcover", 0.4, "buy");
insert into BookInven values (73779732, 1502379465, 78.54, "new", "hardcover", 0.4, "buy");
insert into BookInven values (513943460, 1502379465, 78.54, "new", "hardcover", 0.4, "buy");
insert into BookInven values (63043737, 1502379465, 78.54, "new", "hardcover", 0.4, "buy");
insert into BookInven values (538540014, 1502379465, 78.54, "new", "hardcover", 0.4, "buy");
insert into BookInven values (267173870, 1502379465, 78.54, "new", "hardcover", 0.4, "buy");
insert into BookInven values (684190095, 1502379465, 78.54, "new", "hardcover", 0.4, "buy");
insert into BookInven values (616232086, 1502379465, 78.54, "new", "hardcover", 0.4, "buy");
insert into BookInven values (201263362, 1502379465, 78.54, "new", "hardcover", 0.4, "buy");
insert into BookInven values (456849251, 1502379465, 78.54, "new", "hardcover", 0.4, "buy");
insert into BookInven values (779593041, 1502379465, 78.54, "new", "hardcover", 0.4, "buy");
insert into BookInven values (14127262, 2683200695, 90, "new", "hardcover", 0.6, "buy");
insert into BookInven values (130167034, 2683200695, 90, "new", "hardcover", 0.6, "buy");
insert into BookInven values (621146457, 2683200695, 90, "new", "hardcover", 0.6, "buy");
insert into BookInven values (950161607, 2683200695, 90, "new", "hardcover", 0.6, "buy");
insert into BookInven values (781966272, 2683200695, 90, "new", "hardcover", 0.6, "buy");
insert into BookInven values (910591599, 2683200695, 90, "new", "hardcover", 0.6, "buy");
insert into BookInven values (138291380, 2683200695, 90, "new", "hardcover", 0.6, "buy");
insert into BookInven values (85522576, 2683200695, 90, "new", "hardcover", 0.6, "buy");
insert into BookInven values (862023157, 2683200695, 90, "new", "hardcover", 0.6, "buy");
insert into BookInven values (952369086, 2683200695, 90, "new", "hardcover", 0.6, "buy");
insert into BookInven values (627606615, 2683200695, 90, "new", "hardcover", 0.6, "buy");
insert into BookInven values (178799974, 2683200695, 90, "new", "hardcover", 0.6, "buy");
insert into BookInven values (429097373, 2683200695, 90, "new", "hardcover", 0.6, "buy");
insert into BookInven values (770981010, 2683200695, 90, "new", "hardcover", 0.6, "buy");
insert into BookInven values (864620002, 2683200695, 90, "new", "hardcover", 0.6, "buy");
insert into BookInven values (523188583, 27480446525, 98, "old", "electronic", 0, "buy");
insert into BookInven values (929905601, 27480446525, 98, "old", "electronic", 0, "buy");
insert into BookInven values (766285979, 27480446525, 98, "old", "electronic", 0, "buy");
insert into BookInven values (266899312, 27480446525, 98, "old", "electronic", 0, "buy");
insert into BookInven values (215589668, 27480446525, 98, "old", "electronic", 0, "buy");
insert into BookInven values (302866295, 27480446525, 98, "old", "electronic", 0, "buy");
insert into BookInven values (801767101, 27480446525, 98, "old", "electronic", 0, "buy");
insert into BookInven values (847406830, 27480446525, 98, "old", "electronic", 0, "buy");
insert into BookInven values (886437756, 9470080248, 117, "old", "hardcover", 4, "buy");
insert into BookInven values (718116292, 9470080248, 117, "old", "hardcover", 4, "buy");
insert into BookInven values (406004554, 9470080248, 117, "old", "hardcover", 4, "buy");
insert into BookInven values (814058151, 9470080248, 117, "old", "hardcover", 4, "buy");
insert into BookInven values (28723137, 9470080248, 117, "old", "hardcover", 4, "buy");
insert into BookInven values (394188110, 9470080248, 117, "old", "hardcover", 4, "buy");
insert into BookInven values (660101369, 9470080248, 117, "old", "hardcover", 4, "buy");
insert into BookInven values (474590693, 9470080248, 117, "old", "hardcover", 4, "buy");
insert into BookInven values (646391228, 9470080248, 117, "old", "hardcover", 4, "buy");
insert into BookInven values (820477496, 9470080248, 117, "old", "hardcover", 4, "buy");
insert into BookInven values (820862083, 9470080248, 117, "old", "hardcover", 4, "buy");
insert into BookInven values (537871701, 9470080248, 117, "old", "hardcover", 4, "buy");
insert into BookInven values (987335437, 9470080248, 117, "old", "hardcover", 4, "buy");
insert into BookInven values (758493241, 9470080248, 117, "old", "hardcover", 4, "buy");
insert into BookInven values (545825106, 9470080248, 117, "old", "hardcover", 4, "buy");
insert into BookInven values (154805006, 9470080248, 117, "old", "hardcover", 4, "buy");
insert into BookInven values (362232148, 9470080248, 117, "old", "hardcover", 4, "buy");
insert into BookInven values (82016619, 9470080248, 117, "old", "hardcover", 4, "buy");
insert into BookInven values (840224550, 9470080248, 117, "old", "hardcover", 4, "buy");
insert into BookInven values (909895351, 9470080248, 117, "old", "hardcover", 4, "buy");
insert into BookInven values (466896773, 9470080248, 117, "old", "hardcover", 4, "buy");
insert into BookInven values (507419277, 9470080248, 117, "old", "hardcover", 4, "buy");
insert into BookInven values (652338637, 9470080248, 117, "old", "hardcover", 4, "buy");
insert into BookInven values (417515686, 9470080248, 117, "old", "hardcover", 4, "buy");
insert into BookInven values (71489288, 9470080248, 117, "old", "hardcover", 4, "buy");
insert into BookInven values (356954891, 9470080248, 117, "old", "hardcover", 4, "buy");
insert into BookInven values (576954712, 9470080248, 117, "old", "hardcover", 4, "buy");
insert into BookInven values (285437291, 9470080248, 117, "old", "hardcover", 4, "buy");
insert into BookInven values (636488543, 9470080248, 117, "old", "hardcover", 4, "buy");
insert into BookInven values (133913917, 9470080248, 117, "old", "hardcover", 4, "buy");
insert into BookInven values (690295413, 7406485615, 123.11, "new", "hardcover", 0.8, "buy");
insert into BookInven values (753753296, 7406485615, 123.11, "new", "hardcover", 0.8, "buy");
insert into BookInven values (671999566, 7406485615, 123.11, "new", "hardcover", 0.8, "buy");
insert into BookInven values (321594628, 7406485615, 123.11, "new", "hardcover", 0.8, "buy");
insert into BookInven values (661480341, 7406485615, 123.11, "new", "hardcover", 0.8, "buy");
insert into BookInven values (951734972, 7406485615, 123.11, "new", "hardcover", 0.8, "buy");
insert into BookInven values (43192923, 7406485615, 123.11, "new", "hardcover", 0.8, "buy");
insert into BookInven values (885295504, 7406485615, 123.11, "new", "hardcover", 0.8, "buy");
insert into BookInven values (527661946, 7406485615, 123.11, "new", "hardcover", 0.8, "buy");
insert into BookInven values (151447256, 7406485615, 123.11, "new", "hardcover", 0.8, "buy");
insert into BookInven values (88181330, 8587306845, 132.5, "new", "hardcover", 0.8, "buy");
insert into BookInven values (324082071, 8587306845, 132.5, "new", "hardcover", 0.8, "buy");
insert into BookInven values (282362088, 8587306845, 132.5, "new", "hardcover", 0.8, "buy");
insert into BookInven values (957040903, 8587306845, 132.5, "new", "hardcover", 0.8, "buy");
insert into BookInven values (287584427, 8587306845, 132.5, "new", "hardcover", 0.8, "buy");
insert into BookInven values (611866067, 3864021925, 300, "new", "hardcover", 0.7333333333, "buy");
insert into BookInven values (617995028, 3864021925, 300, "new", "hardcover", 0.7333333333, "buy");
insert into BookInven values (338916924, 3864021925, 300, "new", "hardcover", 0.7333333333, "buy");
insert into BookInven values (725677770, 3864021925, 300, "new", "hardcover", 0.7333333333, "buy");
insert into BookInven values (687577186, 3864021925, 300, "new", "hardcover", 0.7333333333, "buy");
insert into BookInven values (238663671, 3864021925, 300, "new", "hardcover", 0.7333333333, "buy");
insert into BookInven values (144750318, 3864021925, 300, "new", "hardcover", 0.7333333333, "buy");
insert into BookInven values (425774809, 3864021925, 300, "new", "hardcover", 0.7333333333, "buy");
insert into BookInven values (91675274, 3864021925, 300, "new", "hardcover", 0.7333333333, "buy");
insert into BookInven values (828973025, 3864021925, 300, "new", "hardcover", 0.7333333333, "buy");
insert into BookInven values (914320589, 3864021925, 300, "new", "hardcover", 0.7333333333, "buy");
insert into BookInven values (818667733, 3864021925, 300, "new", "hardcover", 0.7333333333, "buy");
insert into BookInven values (46397350, 3864021925, 300, "new", "hardcover", 0.7333333333, "buy");
insert into BookInven values (851850690, 3864021925, 300, "new", "hardcover", 0.7333333333, "buy");
insert into BookInven values (983496424, 3864021925, 300, "new", "hardcover", 0.7333333333, "buy");
insert into BookInven values (232992186, 3864021925, 300, "new", "hardcover", 0.7333333333, "buy");
insert into BookInven values (492482253, 3864021925, 300, "new", "hardcover", 0.7333333333, "buy");
insert into BookInven values (137789213, 3864021925, 300, "new", "hardcover", 0.7333333333, "buy");
insert into BookInven values (809655400, 3864021925, 300, "new", "hardcover", 0.7333333333, "buy");
insert into BookInven values (67613819, 3864021925, 300, "new", "hardcover", 0.7333333333, "buy");
insert into BookInven values (848727955, 3864021925, 300, "new", "hardcover", 0.7333333333, "buy");
insert into BookInven values (818969687, 3864021925, 300, "new", "hardcover", 0.7333333333, "buy");
insert into BookInven values (966004388, 3864021925, 300, "new", "hardcover", 0.7333333333, "buy");
insert into BookInven values (542773608, 3864021925, 300, "new", "hardcover", 0.7333333333, "buy");
insert into BookInven values (207112786, 3864021925, 300, "new", "hardcover", 0.7333333333, "buy");
insert into BookInven values (138941522, 1476770387, 24, "new", "paperback", 0.5, "buy");
insert into BookInven values (452982471, 1476770387, 24, "new", "paperback", 0.5, "buy");
insert into BookInven values (159323059, 1476770387, 24, "new", "paperback", 0.5, "buy");
insert into BookInven values (540102873, 1476770387, 24, "new", "paperback", 0.5, "buy");
insert into BookInven values (524186329, 1476770387, 24, "new", "paperback", 0.5, "buy");
insert into BookInven values (960494225, 1476770387, 24, "new", "paperback", 0.5, "buy");
insert into BookInven values (83131613, 1476770387, 24, "new", "paperback", 0.5, "buy");
insert into BookInven values (490670189, 1476770387, 24, "new", "paperback", 0.5, "buy");
insert into BookInven values (941312276, 1476770387, 24, "new", "paperback", 0.5, "buy");
insert into BookInven values (618473671, 1476770387, 24, "new", "paperback", 0.5, "buy");
insert into BookInven values (866094659, 1476770387, 24, "new", "paperback", 0.5, "buy");
insert into BookInven values (747465765, 1476770387, 24, "new", "paperback", 0.5, "buy");
insert into BookInven values (633291713, 1476770387, 24, "new", "paperback", 0.5, "buy");
insert into BookInven values (147542516, 1476770387, 24, "new", "paperback", 0.5, "buy");
insert into BookInven values (899166970, 1476770387, 24, "new", "paperback", 0.5, "buy");
insert into BookInven values (624774554, 1476770387, 24, "new", "paperback", 0.5, "buy");
insert into BookInven values (961397629, 1476770387, 24, "new", "paperback", 0.5, "buy");
insert into BookInven values (753033973, 1476770387, 24, "new", "paperback", 0.5, "buy");
insert into BookInven values (129367258, 1476770387, 24, "new", "paperback", 0.5, "buy");
insert into BookInven values (487025963, 1476770387, 24, "new", "paperback", 0.5, "buy");
insert into BookInven values (653481604, 1476770387, 24, "new", "paperback", 0.5, "buy");
insert into BookInven values (730142693, 1476770387, 24, "new", "paperback", 0.5, "buy");
insert into BookInven values (697993718, 1476770387, 24, "new", "paperback", 0.5, "buy");
insert into BookInven values (562375111, 1476770387, 24, "new", "paperback", 0.5, "buy");
insert into BookInven values (568931065, 1476770387, 24, "new", "paperback", 0.5, "buy");
insert into BookInven values (301065246, 1476770387, 24, "new", "paperback", 0.5, "buy");
insert into BookInven values (186301803, 1476770387, 24, "new", "paperback", 0.5, "buy");
insert into BookInven values (827083570, 1476770387, 24, "new", "paperback", 0.5, "buy");
insert into BookInven values (346630304, 1476770387, 24, "new", "paperback", 0.5, "buy");
insert into BookInven values (33933928, 1476770387, 24, "new", "paperback", 0.5, "buy");
insert into BookInven values (80324743, 1476444387, 10, "old", "paperback", 0.45, "buy");
insert into BookInven values (952968191, 1476444387, 10, "old", "paperback", 0.45, "buy");
insert into BookInven values (409491603, 1476444387, 10, "old", "paperback", 0.45, "buy");
insert into BookInven values (810271555, 1476444387, 10, "old", "paperback", 0.45, "buy");
insert into BookInven values (774669269, 1476444387, 10, "old", "paperback", 0.45, "buy");
insert into BookInven values (805155956, 1476444387, 10, "old", "paperback", 0.45, "buy");
insert into BookInven values (659350042, 1476444387, 10, "old", "paperback", 0.45, "buy");
insert into BookInven values (900787580, 1476444387, 10, "old", "paperback", 0.45, "buy");
insert into BookInven values (946495017, 1476444387, 10, "old", "paperback", 0.45, "buy");
insert into BookInven values (377539590, 1476444387, 10, "old", "paperback", 0.45, "buy");

insert into TroubleTickets values("T120", "products", "pages missing from the book", "chapter 5 of the book i ordered is missing", "", "Joan", "");
insert into TroubleTickets values("T101", "userprofile", "unable to log in", "password reset needed", "", "Patricia", "");
insert into TroubleTickets values("T102", "products", "bad / damaged product recieved ", "", "", "Julian", "");
insert into TroubleTickets values("T114", "userprofile", "unable to edit details on profile", "", "", "Julian", "");
insert into TroubleTickets values("T104", "orders", "order not recieved", "i have still not recieved my order. it has been 10 days", "", "Julian", "");
insert into TroubleTickets values("T106", "userprofile", "password lost", "pasword was reset", "new password issued", "Julian", "Stephanie");
insert into TroubleTickets values("T103", "cart", "cart not updating", "cant delete stuff from the cart", "", "Julian", "Stephanie");
insert into TroubleTickets values("T121", "userprofile", "forgotten password", "password needs to be reset after verification", "", "Joan", "Peter");
insert into TroubleTickets values("T100", "orders", "bug in orders", "1 order got cancelled automatically", "", "Dan", "Anthony");
insert into TroubleTickets values("T130", "cart", "proposed maintance work", "yearly update scheduled", "", "Kevin", "");

insert into TicketStatusHistory values("T121", "new", "10/24/2014");
insert into TicketStatusHistory values("T120", "new", "8/31/2014");
insert into TicketStatusHistory values("T101", "new", "7/15/2014");
insert into TicketStatusHistory values("T102", "new", "8/23/2014");
insert into TicketStatusHistory values("T114", "new", "9/5/2014");
insert into TicketStatusHistory values("T104", "new", "10/5/2014");
insert into TicketStatusHistory values("T103", "new", "2/4/2014");
insert into TicketStatusHistory values("T103", "assigned", "2/5/2014");
insert into TicketStatusHistory values("T106", "new", "8/5/2014");
insert into TicketStatusHistory values("T106", "assigned", "8/6/2014");
insert into TicketStatusHistory values("T106", "in-process", "8/7/2014");
insert into TicketStatusHistory values("T106", "completed", "8/9/2014");
insert into TicketStatusHistory values("T103", "in-process", "2/6/2014");
insert into TicketStatusHistory values("T121", "assigned", "10/25/2014");
insert into TicketStatusHistory values("T100", "new", "10/24/2014");
insert into TicketStatusHistory values("T100", "assigned", "10/24/2014");
insert into TicketStatusHistory values("T130", "new", "12/1/2014");

insert into CartDateCreated values((select ID from Users where FirstName = "Christopher" and LastName = "Roy"), "10/2/2014");
insert into CartDateCreated values((select ID from Users where FirstName = "Ronald" and LastName = "Gagnon"), "10/2/2014");
insert into CartDateCreated values((select ID from Users where FirstName = "Mary" and LastName = "Côté"), "10/2/2014");
insert into CartDateCreated values((select ID from Users where FirstName = "Lisa" and LastName = "Bouchard"), "10/3/2014");
insert into CartDateCreated values((select ID from Users where FirstName = "Michelle" and LastName = "Gauthier"), "10/4/2014");
insert into CartDateCreated values((select ID from Users where FirstName = "Laura" and LastName = "García"), "9/8/2014");
insert into CartDateCreated values((select ID from Users where FirstName = "Paul" and LastName = "González"), "11/7/2014");
insert into CartDateCreated values((select ID from Users where FirstName = "Linda" and LastName = "Rodríguez"), "5/1/2014");
insert into CartDateCreated values((select ID from Users where FirstName = "Sarah" and LastName = "Sánchez"), "1/1/2014");
insert into CartDateCreated values((select ID from Users where FirstName = "Mark" and LastName = "Flores"), "1/2/2014");
insert into CartDateCreated values((select ID from Users where FirstName = "Leslie" and LastName = "García"), "1/1/2014");
insert into CartDateCreated values((select ID from Users where FirstName = "Patricia" and LastName = "Gagné"), "11/5/2014");
insert into CartDateCreated values((select ID from Users where FirstName = "Karen" and LastName = "Pérez"), "1/2/2014");
insert into CartDateCreated values((select ID from Users where FirstName = "Lewis" and LastName = "Rodríguez"), "1/1/2014");

insert into CartDateUpdated values((select ID from Users where FirstName = "Christopher" and LastName = "Roy"), "10/3/2014");
insert into CartDateUpdated values((select ID from Users where FirstName = "Ronald" and LastName = "Gagnon"), "10/3/2014");
insert into CartDateUpdated values((select ID from Users where FirstName = "Mary" and LastName = "Côté"), "10/3/2014");
insert into CartDateUpdated values((select ID from Users where FirstName = "Lisa" and LastName = "Bouchard"), "10/4/2014");
insert into CartDateUpdated values((select ID from Users where FirstName = "Michelle" and LastName = "Gauthier"), "10/5/2014");
insert into CartDateUpdated values((select ID from Users where FirstName = "Laura" and LastName = "García"), "12/15/2014");
insert into CartDateUpdated values((select ID from Users where FirstName = "Paul" and LastName = "González"), "12/16/2014");
insert into CartDateUpdated values((select ID from Users where FirstName = "Linda" and LastName = "Rodríguez"), "10/14/2014");
insert into CartDateUpdated values((select ID from Users where FirstName = "Sarah" and LastName = "Sánchez"), "6/17/2014");
insert into CartDateUpdated values((select ID from Users where FirstName = "Mark" and LastName = "Flores"), "2/7/2014");
insert into CartDateUpdated values((select ID from Users where FirstName = "Leslie" and LastName = "García"), "3/5/2014");
insert into CartDateUpdated values((select ID from Users where FirstName = "Patricia" and LastName = "Gagné"), "11/5/2014");
insert into CartDateUpdated values((select ID from Users where FirstName = "Karen" and LastName = "Pérez"), "2/1/2014");
insert into CartDateUpdated values((select ID from Users where FirstName = "Lewis" and LastName = "Rodríguez"), "3/5/2014");

insert into Cart values((select ID from Users where FirstName = "Christopher" and LastName = "Roy"),(select ISBN from BookDetails where Title = "English Made Easy Volume One: Learning English through Pictures"), "rent", 1, "n");
insert into Cart values((select ID from Users where FirstName = "Ronald" and LastName = "Gagnon"),(select ISBN from BookDetails where Title = "McGraw-Hill Handbook of English Grammar and Usage"), "rent", 4, "n");
insert into Cart values((select ID from Users where FirstName = "Mary" and LastName = "Côté"),(select ISBN from BookDetails where Title = "English Made Easy Volume One: Learning English through Pictures"), "rent", 1, "n");
insert into Cart values((select ID from Users where FirstName = "Lisa" and LastName = "Bouchard"),(select ISBN from BookDetails where Title = "English Made Easy Volume One: Learning English through Pictures"), "rent", 3, "n");
insert into Cart values((select ID from Users where FirstName = "Michelle" and LastName = "Gauthier"),(select ISBN from BookDetails where Title = "English Made Easy Volume One: Learning English through Pictures"), "rent", 1, "n");
insert into Cart values((select ID from Users where FirstName = "Laura" and LastName = "García"),(select ISBN from BookDetails where Title = "McGraw-Hill Handbook of English Grammar and Usage"), "rent", 2, "n");
insert into Cart values((select ID from Users where FirstName = "Paul" and LastName = "González"),(select ISBN from BookDetails where Title = "The Development of Western Music: A History"), "rent", 1, "n");
insert into Cart values((select ID from Users where FirstName = "Linda" and LastName = "Rodríguez"),(select ISBN from BookDetails where Title = "linear algebra"), "rent", 1, "n");
insert into Cart values((select ID from Users where FirstName = "Sarah" and LastName = "Sánchez"),(select ISBN from BookDetails where Title = "Applied Econometrics"), "buy", 2, "n");
insert into Cart values((select ID from Users where FirstName = "Mark" and LastName = "Flores"),(select ISBN from BookDetails where Title = "Christianity 101: A Textbook of Catholic Theology"), "buy", 3, "n");
insert into Cart values((select ID from Users where FirstName = "Leslie" and LastName = "García"),(select ISBN from BookDetails where Title = "linear algebra"), "rent", 1, "n");
insert into Cart values((select ID from Users where FirstName = "Patricia" and LastName = "Gagné"),(select ISBN from BookDetails where Title = "Fearless Editing: Crafting Words and Images for Print, Web, and Public Relations"), "rent", 1, "n");
insert into Cart values((select ID from Users where FirstName = "Karen" and LastName = "Pérez"),(select ISBN from BookDetails where Title = "Christianity 101: A Textbook of Catholic Theology"), "buy", 2, "n");
insert into Cart values((select ID from Users where FirstName = "Lewis" and LastName = "Rodríguez"),(select ISBN from BookDetails where Title = "linear algebra"), "rent", 1, "n");

insert into Cart values((select ID from Users where FirstName = "Christopher" and LastName = "Roy"),(select ISBN from BookDetails where Title = "Fearless Editing: Crafting Words and Images for Print, Web, and Public Relations"), "rent", 1, "n");
insert into Cart values((select ID from Users where FirstName = "Ronald" and LastName = "Gagnon"),(select ISBN from BookDetails where Title = "Fearless Editing: Crafting Words and Images for Print, Web, and Public Relations"), "rent", 1, "n");
insert into Cart values((select ID from Users where FirstName = "Laura" and LastName = "García"),(select ISBN from BookDetails where Title = "The Development of Western Music: A History"), "rent", 1, "n");
insert into Cart values((select ID from Users where FirstName = "Paul" and LastName = "González"),(select ISBN from BookDetails where Title = "McGraw-Hill Handbook of English Grammar and Usage"), "rent", 1, "n");
insert into Cart values((select ID from Users where FirstName = "Linda" and LastName = "Rodríguez"),(select ISBN from BookDetails where Title = "Applied Econometrics"), "buy", 2, "n");
insert into Cart values((select ID from Users where FirstName = "Mark" and LastName = "Flores"),(select ISBN from BookDetails where Title = "Pearson Textbook Reader: Reading in Applied and Academic Fields"), "rent", 1, "n");
insert into Cart values((select ID from Users where FirstName = "Leslie" and LastName = "García"),(select ISBN from BookDetails where Title = "Applied Econometrics"), "buy", 2, "n");
insert into Cart values((select ID from Users where FirstName = "Patricia" and LastName = "Gagné"),(select ISBN from BookDetails where Title = "linear algebra"), "rent", 1, "n");
insert into Cart values((select ID from Users where FirstName = "Karen" and LastName = "Pérez"),(select ISBN from BookDetails where Title = "Pearson Textbook Reader: Reading in Applied and Academic Fields"), "rent", 2, "n");

insert into Orders values((select ID from Users where FirstName = "James" and LastName = "Tremblay"), (select ISBN from BookDetails where Title = "Understanding Intercultural Communication"), "rent", 1, "9/7/2014", "9/11/2014", "1-day", "4.485E+15", "3/2/2016", "card", "VISA", "shipped");
insert into Orders values((select ID from Users where FirstName = "Karen" and LastName = "Pérez"), (select ISBN from BookDetails where Title = "Psychology"), "purchase", 2, "11/4/2014", "11/12/2014", "standard", "4.485E+15", "3/1/2016", "card", "VISA", "shipped");
insert into Orders values((select ID from Users where FirstName = "Michael" and LastName = "Ramírez"), (select ISBN from BookDetails where Title = "Guyton and Hall Textbook of Medical Physiology"), "purchase", 1, "10/6/2014", "", "2-day", "4.55649E+15", "5/1/2015", "plastic", "VISA", "shipping");
insert into Orders values((select ID from Users where FirstName = "Mark" and LastName = "Flores"), (select ISBN from BookDetails where Title = "Pearson Textbook Reader: Reading in Applied and Academic Fields"), "rent", 1, "7/4/2014", "", "standard", "4.92977E+15", "9/1/2020", "creditc", "MASTERCARD", "cancelled");
insert into Orders values((select ID from Users where FirstName = "Michael" and LastName = "Ramírez"), (select ISBN from BookDetails where Title = "Modern Operating Systems"), "purchase", 1, "10/13/2014", "", "1-day", "4.87868E+15", "4/1/2019", "mycard", "VISA", "new");
insert into Orders values((select ID from Users where FirstName = "Paul" and LastName = "González"), (select ISBN from BookDetails where Title = "Psychology"), "purchase", 1, "10/6/2014", "10/7/2014", "standard", "4.485E+15", "3/1/2016", "card", "VISA", "shipped");
insert into Orders values((select ID from Users where FirstName = "Paul" and LastName = "González"), (select ISBN from BookDetails where Title = "Pearson Textbook Reader: Reading in Applied and Academic Fields"), "rent", 1, "9/23/2014", "9/24/2014", "1-day", "4.485E+15", "3/2/2016", "card", "VISA", "shipped");
insert into Orders values((select ID from Users where FirstName = "Paul" and LastName = "González"), (select ISBN from BookDetails where Title = "linear algebra"), "rent", 1, "10/25/2014", "10/26/2014", "1-day", "4.485E+15", "3/3/2016", "card", "VISA", "shipped");
insert into Orders values((select ID from Users where FirstName = "Michael" and LastName = "Ramírez"), (select ISBN from BookDetails where Title = "Modern Operating Systems"), "purchase", 1, "10/6/2014", "", "2-day", "4.55649E+15", "5/1/2015", "plastic", "VISA", "shipping");
